fdcId,name,dravyaId,rule,key,contested,losers
21,"Soy milk, sweetened",dravya.soy-milk,M1,soy milk,0,
22,"Soy milk, unsweetened",dravya.soy-milk,M1,soy milk,0,
23,"Soy milk, chocolate",dravya.soy-milk,M1,soy milk,0,
24,"Almond milk, sweetened",dravya.almond-milk,M1,almond milk,1,dravya.badam-milk
25,"Almond milk, chocolate",dravya.almond-milk,M1,almond milk,1,dravya.badam-milk
26,"Almond milk, unsweetened",dravya.almond-milk,M1,almond milk,1,dravya.badam-milk
283,"Cottage cheese, farmer's",dravya.cottage-cheese,M1,cottage cheese,0,
394,"Pork, ground",dravya.pork,M1,pork,0,
395,"Pork, carnitas",dravya.pork,M1,pork,0,
397,"Pork, chop, NS as to fat eaten",dravya.pork,M1,pork,0,
398,"Pork, chop, lean and fat eaten",dravya.pork,M1,pork,0,
399,"Pork, chop, lean only eaten",dravya.pork,M1,pork,0,
400,"Pork, chop, coated, NS as to fat eaten",dravya.pork,M1,pork,0,
401,"Pork, chop, coated, lean and fat eaten",dravya.pork,M1,pork,0,
402,"Pork, chop, coated, lean only eaten",dravya.pork,M1,pork,0,
404,"Pork, steak, NS as to fat eaten",dravya.pork,M1,pork,0,
405,"Pork, steak, lean and fat eaten",dravya.pork,M1,pork,0,
406,"Pork, steak, lean only eaten",dravya.pork,M1,pork,0,
407,"Pork, steak, coated",dravya.pork,M1,pork,0,
408,"Pork, tenderloin",dravya.pork,M1,pork,0,
413,"Pork, roast",dravya.pork,M1,pork,0,
414,"Pork, roll",dravya.pork,M1,pork,0,
425,"Pork, ribs",dravya.pork,M1,pork,0,
426,"Pork, cracklings",dravya.pork,M1,pork,0,
427,"Pork, ears",dravya.pork,M1,pork,0,
428,"Pork, bones",dravya.pork,M1,pork,0,
429,"Pork, pig's feet",dravya.pork,M1,pork,0,
430,"Pork, pig's feet, pickled",dravya.pork,M1,pork,0,
431,"Pork, ham hocks",dravya.pork,M1,pork,0,
432,"Pork, belly",dravya.pork,M1,pork,0,
436,"Lamb, NS as to cut",dravya.lamb,M1,lamb,0,
437,"Lamb, chop",dravya.lamb,M1,lamb,0,
438,"Lamb, ground",dravya.lamb,M1,lamb,0,
444,"Venison, NFS",dravya.venison,M1,venison,0,
445,"Venison, steak",dravya.venison,M1,venison,0,
460,"Chicken, NS as to part and cooking method, NS as to skin eaten",dravya.broiler-chicken,M1,chicken,0,
461,"Chicken, NS as to part and cooking method, skin eaten",dravya.broiler-chicken,M1,chicken,0,
462,"Chicken, NS as to part and cooking method, skin not eaten",dravya.broiler-chicken,M1,chicken,0,
463,"Chicken, NS as to part, baked, broiled, or roasted, NS as to skin eaten",dravya.broiler-chicken,M1,chicken,0,
464,"Chicken, NS as to part, baked, broiled, or roasted, skin eaten",dravya.broiler-chicken,M1,chicken,0,
465,"Chicken, NS as to part, baked, broiled, or roasted, skin not eaten",dravya.broiler-chicken,M1,chicken,0,
466,"Chicken, NS as to part, rotisserie, NS as to skin eaten",dravya.broiler-chicken,M1,chicken,0,
467,"Chicken, NS as to part, rotisserie, skin eaten",dravya.broiler-chicken,M1,chicken,0,
468,"Chicken, NS as to part, rotisserie, skin not eaten",dravya.broiler-chicken,M1,chicken,0,
469,"Chicken, NS as to part, stewed, NS as to skin eaten",dravya.broiler-chicken,M1,chicken,0,
470,"Chicken, NS as to part, stewed, skin eaten",dravya.broiler-chicken,M1,chicken,0,
471,"Chicken, NS as to part, stewed, skin not eaten",dravya.broiler-chicken,M1,chicken,0,
472,"Chicken, NS as to part, grilled without sauce, NS as to skin eaten",dravya.broiler-chicken,M1,chicken,0,
473,"Chicken, NS as to part, grilled without sauce, skin eaten",dravya.broiler-chicken,M1,chicken,0,
474,"Chicken, NS as to part, grilled without sauce, skin not eaten",dravya.broiler-chicken,M1,chicken,0,
475,"Chicken, NS as to part, grilled with sauce, NS as to skin eaten",dravya.broiler-chicken,M1,chicken,0,
476,"Chicken, NS as to part, grilled with sauce, skin eaten",dravya.broiler-chicken,M1,chicken,0,
477,"Chicken, NS as to part, grilled with sauce, skin not eaten",dravya.broiler-chicken,M1,chicken,0,
478,"Chicken, NS as to part, sauteed, skin eaten",dravya.broiler-chicken,M1,chicken,0,
479,"Chicken, NS as to part, sauteed, skin not eaten",dravya.broiler-chicken,M1,chicken,0,
480,"Chicken, NS as to part, fried, coated, skin / coating eaten",dravya.broiler-chicken,M1,chicken,0,
481,"Chicken, NS as to part, fried, coated, skin / coating not eaten",dravya.broiler-chicken,M1,chicken,0,
482,"Chicken, NS as to part, baked, coated, skin / coating eaten",dravya.broiler-chicken,M1,chicken,0,
483,"Chicken, NS as to part, baked, coated, skin / coating not eaten",dravya.broiler-chicken,M1,chicken,0,
612,"Chicken, back",dravya.broiler-chicken,M1,chicken,0,
613,"Chicken, neck or ribs",dravya.broiler-chicken,M1,chicken,0,
614,"Chicken, tail",dravya.broiler-chicken,M1,chicken,0,
615,Chicken skin,dravya.broiler-chicken,M2,chicken,0,
617,"Chicken, canned, meat only",dravya.broiler-chicken,M1,chicken,0,
618,"Chicken, chicken roll, roasted",dravya.broiler-chicken,M1,chicken,0,
622,"Chicken, ground",dravya.broiler-chicken,M1,chicken,0,
635,"Turkey, NFS",dravya.turkey,M1,turkey,0,
636,"Turkey, light meat, skin not eaten",dravya.turkey,M1,turkey,0,
637,"Turkey, light meat, skin eaten",dravya.turkey,M1,turkey,0,
638,"Turkey, light meat, breaded, baked or fried, skin not eaten",dravya.turkey,M1,turkey,0,
639,"Turkey, light meat, breaded, baked or fried, skin eaten",dravya.turkey,M1,turkey,0,
640,"Turkey, light meat, roasted, skin not eaten",dravya.turkey,M1,turkey,0,
641,"Turkey, light meat, roasted, skin eaten",dravya.turkey,M1,turkey,0,
642,"Turkey, dark meat, roasted, skin not eaten",dravya.turkey,M1,turkey,0,
643,"Turkey, dark meat, roasted, skin eaten",dravya.turkey,M1,turkey,0,
644,"Turkey, light and dark meat, roasted, skin not eaten",dravya.turkey,M1,turkey,0,
645,"Turkey, light and dark meat, roasted, skin eaten",dravya.turkey,M1,turkey,0,
646,"Turkey, light or dark meat, fried, coated, skin not eaten",dravya.turkey,M1,turkey,0,
647,"Turkey, light or dark meat, fried, coated, skin eaten",dravya.turkey,M1,turkey,0,
648,"Turkey, light or dark meat, stewed, skin not eaten",dravya.turkey,M1,turkey,0,
650,"Turkey, light or dark meat, smoked, skin eaten",dravya.turkey,M1,turkey,0,
651,"Turkey, light or dark meat, smoked, skin not eaten",dravya.turkey,M1,turkey,0,
652,"Turkey, drumstick, cooked, skin not eaten",dravya.turkey,M1,turkey,0,
653,"Turkey, drumstick, cooked, skin eaten",dravya.turkey,M1,turkey,0,
654,"Turkey, drumstick, roasted, skin not eaten",dravya.turkey,M1,turkey,0,
655,"Turkey, drumstick, roasted, skin eaten",dravya.turkey,M1,turkey,0,
656,"Turkey, thigh, cooked, skin eaten",dravya.turkey,M1,turkey,0,
657,"Turkey, thigh, cooked, skin not eaten",dravya.turkey,M1,turkey,0,
658,"Turkey, neck",dravya.turkey,M1,turkey,0,
659,"Turkey, wing, cooked, skin not eaten",dravya.turkey,M1,turkey,0,
660,"Turkey, wing, cooked, skin eaten",dravya.turkey,M1,turkey,0,
661,"Turkey, tail",dravya.turkey,M1,turkey,0,
662,"Turkey, back",dravya.turkey,M1,turkey,0,
663,"Turkey, canned",dravya.turkey,M1,turkey,0,
664,"Turkey, ground",dravya.turkey,M1,turkey,0,
665,"Turkey, nuggets",dravya.turkey,M1,turkey,0,
738,"Chicken, prepackaged or deli, luncheon meat",dravya.broiler-chicken,M1,chicken,0,
739,"Chicken, prepackaged or deli, luncheon meat, reduced sodium",dravya.broiler-chicken,M1,chicken,0,
743,"Turkey, prepackaged or deli, luncheon meat",dravya.turkey,M1,turkey,0,
744,"Turkey, prepackaged or deli, luncheon meat, reduced sodium",dravya.turkey,M1,turkey,0,
791,"Fish, mackerel, baked or broiled",dravya.mackerel,M1,mackerel,0,
792,"Fish, mackerel, grilled",dravya.mackerel,M1,mackerel,0,
793,"Fish, mackerel, baked or broiled, coated",dravya.mackerel,M1,mackerel,0,
794,"Fish, mackerel, fried",dravya.mackerel,M1,mackerel,0,
795,"Fish, mackerel, canned",dravya.mackerel,M1,mackerel,0,
812,"Fish, salmon, NFS",dravya.salmon,M1,salmon,0,
813,"Fish, salmon, baked or broiled",dravya.salmon,M1,salmon,0,
814,"Fish, salmon, grilled",dravya.salmon,M1,salmon,0,
815,"Fish, salmon, baked or broiled, coated",dravya.salmon,M1,salmon,0,
816,"Fish, salmon, fried",dravya.salmon,M1,salmon,0,
817,"Fish, salmon, steamed",dravya.salmon,M1,salmon,0,
818,"Fish, salmon, canned",dravya.salmon,M1,salmon,0,
819,"Fish, salmon, smoked",dravya.salmon,M1,salmon,0,
836,"Fish, tuna, NFS",dravya.tuna,M1,tuna,0,
837,"Fish, tuna, cooked",dravya.tuna,M1,tuna,0,
838,"Fish, tuna, canned",dravya.tuna,M1,tuna,0,
872,"Crab, canned",dravya.crab,M1,crab,0,
873,"Crab, soft shell",dravya.crab,M1,crab,0,
887,"Shrimp, NFS",dravya.prawn,M1,shrimp,0,
888,"Shrimp, baked or broiled",dravya.prawn,M1,shrimp,0,
889,"Shrimp, grilled",dravya.prawn,M1,shrimp,0,
890,"Shrimp, steamed or boiled",dravya.prawn,M1,shrimp,0,
891,"Shrimp, fried",dravya.prawn,M1,shrimp,0,
892,"Shrimp, baked or broiled, coated",dravya.prawn,M1,shrimp,0,
893,"Shrimp, dried",dravya.prawn,M1,shrimp,0,
894,"Shrimp, canned",dravya.prawn,M1,shrimp,0,
1664,"Egg, whole, raw",dravya.chicken-egg,M1,egg,0,
1665,"Egg, whole, cooked, NS as to cooking method",dravya.chicken-egg,M1,egg,0,
1666,"Egg, whole, boiled or poached",dravya.chicken-egg,M1,egg,0,
1667,"Egg, whole, fried, NS as to fat",dravya.chicken-egg,M1,egg,0,
1668,"Egg, whole, fried no added fat",dravya.chicken-egg,M1,egg,0,
1669,"Egg, whole, fried with margarine",dravya.chicken-egg,M1,egg,0,
1670,"Egg, whole, fried with oil",dravya.chicken-egg,M1,egg,0,
1671,"Egg, whole, fried with butter",dravya.chicken-egg,M1,egg,0,
1672,"Egg, whole, fried with animal fat or meat drippings",dravya.chicken-egg,M1,egg,0,
1673,"Egg, whole, fried with cooking spray",dravya.chicken-egg,M1,egg,0,
1674,"Egg, whole, fried, NS as to fat type",dravya.chicken-egg,M1,egg,0,
1675,"Egg, whole, fried, from fast food / restaurant",dravya.chicken-egg,M1,egg,0,
1676,"Egg, whole, baked, NS as to fat",dravya.chicken-egg,M1,egg,0,
1677,"Egg, whole, baked, no added fat",dravya.chicken-egg,M1,egg,0,
1678,"Egg, whole, baked, fat added",dravya.chicken-egg,M1,egg,0,
1679,"Egg, whole, pickled",dravya.chicken-egg,M1,egg,0,
1680,"Egg, white only, raw",dravya.chicken-egg,M1,egg,0,
1681,"Egg, white, cooked, NS as to fat",dravya.chicken-egg,M1,egg,0,
1682,"Egg, white, cooked, no added fat",dravya.chicken-egg,M1,egg,0,
1683,"Egg, white, cooked, fat added",dravya.chicken-egg,M1,egg,0,
1684,"Egg, yolk only, raw",dravya.chicken-egg,M1,egg,0,
1685,"Egg, yolk only, cooked, NS as to fat",dravya.chicken-egg,M1,egg,0,
1686,"Egg, yolk only, cooked, no added fat",dravya.chicken-egg,M1,egg,0,
1687,"Egg, yolk only, cooked, fat added",dravya.chicken-egg,M1,egg,0,
1688,"Duck egg, cooked",dravya.duck-egg,M1,duck egg,0,
1690,"Quail egg, canned",dravya.quail-egg,M1,quail egg,0,
1691,"Egg, creamed",dravya.chicken-egg,M1,egg,0,
1692,"Egg, Benedict",dravya.chicken-egg,M1,egg,0,
1693,"Egg, deviled",dravya.chicken-egg,M1,egg,0,
1802,"Egg white, omelet, scrambled, or fried, with cheese",dravya.chicken-egg,M2,egg,0,
1803,"Egg white, omelet, scrambled, or fried, with meat",dravya.chicken-egg,M2,egg,0,
1804,"Egg white, omelet, scrambled, or fried, with vegetables",dravya.chicken-egg,M2,egg,0,
1805,"Egg white, omelet, scrambled, or fried, with cheese and meat",dravya.chicken-egg,M2,egg,0,
1806,"Egg white, omelet, scrambled, or fried, with cheese and vegetables",dravya.chicken-egg,M2,egg,0,
1807,"Egg white, omelet, scrambled, or fried, with meat and vegetables",dravya.chicken-egg,M2,egg,0,
1808,"Egg white, omelet, scrambled, or fried, with cheese, meat, and vegetables",dravya.chicken-egg,M2,egg,0,
1871,"Black beans, NFS",dravya.black-beans,M1,black beans,0,
1872,"Black beans, from dried, fat added",dravya.black-beans,M1,black beans,0,
1873,"Black beans, from dried, no added fat",dravya.black-beans,M1,black beans,0,
1874,"Black beans, from canned, fat added",dravya.black-beans,M1,black beans,0,
1875,"Black beans, from canned, no added fat",dravya.black-beans,M1,black beans,0,
1876,"Black beans, from canned, reduced sodium",dravya.black-beans,M1,black beans,0,
1877,"Black beans, from fast food / restaurant",dravya.black-beans,M1,black beans,0,
1878,Black beans with meat,dravya.black-beans,M2,black beans,0,
1941,"Papad, grilled or broiled",dravya.urad-papad,M1,papad,0,
2044,Almond paste,dravya.almond,M2,almond,0,
2079,"Coconut water, unsweetened",dravya.coconut-water,M1,coconut water,0,
2080,"Coconut water, sweetened",dravya.coconut-water,M1,coconut water,0,
2086,"Pumpkin seeds, NFS",dravya.pumpkin-seed,M1,pumpkin seeds,1,dravya.pumpkin
2087,"Pumpkin seeds, salted",dravya.pumpkin-seed,M1,pumpkin seeds,1,dravya.pumpkin
2088,"Pumpkin seeds, unsalted",dravya.pumpkin-seed,M1,pumpkin seeds,1,dravya.pumpkin
2089,"Sunflower seeds, plain, unsalted",dravya.sunflower-seed,M1,sunflower seeds,0,
2090,"Sunflower seeds, plain, salted",dravya.sunflower-seed,M1,sunflower seeds,0,
2091,"Sunflower seeds, flavored",dravya.sunflower-seed,M1,sunflower seeds,0,
2092,"Sunflower seeds, NFS",dravya.sunflower-seed,M1,sunflower seeds,0,
2093,Sesame seeds,dravya.sesame-seed,M1,sesame seeds,0,
2097,Chia seeds,dravya.chia,M1,chia seeds,0,
2796,Barley,dravya.barley,M1,barley,0,
2813,"Oatmeal, fast food, plain",dravya.oats,M1,oatmeal,0,
2814,"Oatmeal, fast food, flavored",dravya.oats,M1,oatmeal,0,
2815,"Oatmeal, NFS",dravya.oats,M1,oatmeal,0,
2816,"Oatmeal, regular or quick, made with water, no added fat",dravya.oats,M1,oatmeal,0,
2817,"Oatmeal, regular or quick, made with water, fat added",dravya.oats,M1,oatmeal,0,
2818,"Oatmeal, regular or quick, made with milk, no added fat",dravya.oats,M1,oatmeal,0,
2819,"Oatmeal, regular or quick, made with milk, fat added",dravya.oats,M1,oatmeal,0,
2820,"Oatmeal, regular or quick, made with non-dairy milk, no added fat",dravya.oats,M1,oatmeal,0,
2821,"Oatmeal, regular or quick, made with non-dairy milk, fat added",dravya.oats,M1,oatmeal,0,
2822,"Oatmeal, instant, plain, made with water, no added fat",dravya.oats,M1,oatmeal,0,
2823,"Oatmeal, instant, plain, made with water, fat added",dravya.oats,M1,oatmeal,0,
2824,"Oatmeal, instant, plain, made with milk, no added fat",dravya.oats,M1,oatmeal,0,
2825,"Oatmeal, instant, plain, made with milk, fat added",dravya.oats,M1,oatmeal,0,
2826,"Oatmeal, instant, plain, made with non-dairy milk, no added fat",dravya.oats,M1,oatmeal,0,
2827,"Oatmeal, instant, plain, made with non-dairy milk, fat added",dravya.oats,M1,oatmeal,0,
2828,"Oatmeal, instant, maple flavored, no added fat",dravya.oats,M1,oatmeal,0,
2829,"Oatmeal, instant, maple flavored, fat added",dravya.oats,M1,oatmeal,0,
2830,"Oatmeal, instant, fruit flavored, no added fat",dravya.oats,M1,oatmeal,0,
2831,"Oatmeal, instant, fruit flavored, fat added",dravya.oats,M1,oatmeal,0,
2832,"Oatmeal, reduced sugar",dravya.oats,M1,oatmeal,0,
2833,"Oatmeal, multigrain",dravya.oats,M1,oatmeal,0,
2834,"Quinoa, NS as to fat",dravya.quinoa,M1,quinoa,0,
2835,"Quinoa, no added fat",dravya.quinoa,M1,quinoa,0,
2836,"Quinoa, fat added",dravya.quinoa,M1,quinoa,0,
2852,Congee,dravya.rice-gruel,M1,congee,0,
3594,"Lemon, raw",dravya.lemon,M1,lemon,0,
3596,"Lime, raw",dravya.lime,M1,lime,0,
3597,"Orange, raw",dravya.orange,M1,orange,0,
3598,"Orange, canned, NFS",dravya.orange,M1,orange,0,
3599,"Orange, canned, juice pack",dravya.orange,M1,orange,0,
3600,"Orange, canned, in syrup",dravya.orange,M1,orange,0,
3606,"Lemon juice, 100%, NS as to form",dravya.lemon,M2,lemon,0,
3607,"Lemon juice, 100%, freshly squeezed",dravya.lemon,M2,lemon,0,
3608,"Lemon juice, 100%, canned or bottled",dravya.lemon,M2,lemon,0,
3609,"Lime juice, 100%, NS as to form",dravya.lime,M2,lime,0,
3610,"Lime juice, 100%, freshly squeezed",dravya.lime,M2,lime,0,
3611,"Lime juice, 100%, canned or bottled",dravya.lime,M2,lime,0,
3613,"Orange juice, 100%,  freshly squeezed",dravya.orange-juice,M1,orange juice,1,dravya.orange
3614,"Orange juice, 100%, canned, bottled or in a carton",dravya.orange-juice,M1,orange juice,1,dravya.orange
3615,"Orange juice, 100%, with calcium added, canned, bottled or in a carton",dravya.orange-juice,M1,orange juice,1,dravya.orange
3616,"Orange juice, 100%, frozen, reconstituted",dravya.orange-juice,M1,orange juice,1,dravya.orange
3617,"Orange juice, 100%, frozen, not reconstituted",dravya.orange-juice,M1,orange juice,1,dravya.orange
3618,"Orange juice, 100%, with calcium added, frozen, reconstituted",dravya.orange-juice,M1,orange juice,1,dravya.orange
3622,"Apple, dried",dravya.apple,M1,apple,0,
3623,"Apricot, dried",dravya.apricot,M1,apricot,0,
3632,"Papaya, dried",dravya.papaya,M1,papaya,0,
3633,"Peach, dried",dravya.peach,M1,peach,0,
3634,"Pear, dried",dravya.pear,M1,pear,0,
3635,"Persimmon, dried",dravya.persimmon,M1,persimmon,0,
3636,"Pineapple, dried",dravya.pineapple,M1,pineapple,0,
3638,Raisins,dravya.raisins,M1,raisins,0,
3641,"Apple, raw",dravya.apple,M1,apple,0,
3646,"Apple, baked",dravya.apple,M1,apple,0,
3648,"Apricot, canned",dravya.apricot,M1,apricot,0,
3649,"Avocado, raw",dravya.avocado,M1,avocado,0,
3652,"Cantaloupe, raw",dravya.muskmelon,M1,cantaloupe,0,
3663,"Grapes, raw",dravya.grapes,M1,grapes,0,
3664,"Guava, raw",dravya.guava,M1,guava,0,
3672,"Papaya, raw",dravya.papaya,M1,papaya,0,
3673,"Papaya, canned",dravya.papaya,M1,papaya,0,
3675,"Peach, raw",dravya.peach,M1,peach,0,
3676,"Peach, canned, NFS",dravya.peach,M1,peach,0,
3677,"Peach, canned, in syrup",dravya.peach,M1,peach,0,
3678,"Peach, canned, juice pack",dravya.peach,M1,peach,0,
3679,"Peach, frozen",dravya.peach,M1,peach,0,
3680,"Pear, raw",dravya.pear,M1,pear,0,
3681,"Pear, Asian, raw",dravya.pear,M1,pear,0,
3682,"Pear, canned, NFS",dravya.pear,M1,pear,0,
3683,"Pear, canned, in syrup",dravya.pear,M1,pear,0,
3684,"Pear, canned, juice pack",dravya.pear,M1,pear,0,
3686,"Pineapple, raw",dravya.pineapple,M1,pineapple,0,
3687,"Pineapple, canned, NFS",dravya.pineapple,M1,pineapple,0,
3688,"Pineapple, canned, in syrup",dravya.pineapple,M1,pineapple,0,
3689,"Pineapple, canned, juice pack",dravya.pineapple,M1,pineapple,0,
3690,"Pineapple, frozen",dravya.pineapple,M1,pineapple,0,
3691,"Plum, raw",dravya.plum,M1,plum,0,
3692,"Plum, canned",dravya.plum,M1,plum,0,
3693,"Pomegranate, raw",dravya.pomegranate,M1,pomegranate,0,
3695,Tamarind,dravya.tamarind,M1,tamarind,0,
3714,"Apple, candied",dravya.apple,M1,apple,0,
3740,"Apple juice, 100%",dravya.apple,M2,apple,0,
3741,"Apple juice, 100%, with calcium added",dravya.apple,M2,apple,0,
3743,Blueberry juice,dravya.blueberry,M2,blueberry,0,
3747,"Papaya juice, 100%",dravya.papaya,M2,papaya,0,
3749,"Pineapple juice, 100%",dravya.pineapple,M2,pineapple,0,
3752,"Strawberry juice, 100%",dravya.strawberry,M2,strawberry,0,
3753,"Watermelon juice, 100%",dravya.watermelon,M2,watermelon,0,
3802,"Potato, NFS",dravya.potato,M1,potato,0,
3803,"Potato, baked, NFS",dravya.potato,M1,potato,0,
3804,"Potato, baked, peel not eaten",dravya.potato,M1,potato,0,
3805,"Potato, boiled, NFS",dravya.potato,M1,potato,0,
3806,"Potato, boiled, ready-to-heat",dravya.potato,M1,potato,0,
3807,"Potato, boiled, from fresh, peel not eaten, NS as to fat",dravya.potato,M1,potato,0,
3808,"Potato, boiled, from fresh, peel not eaten, no added fat",dravya.potato,M1,potato,0,
3809,"Potato, boiled, from fresh, peel not eaten, fat added, NS as to fat type",dravya.potato,M1,potato,0,
3810,"Potato, boiled, from fresh, peel not eaten, made with oil",dravya.potato,M1,potato,0,
3811,"Potato, boiled, from fresh, peel not eaten, made with butter",dravya.potato,M1,potato,0,
3812,"Potato, boiled, from fresh, peel not eaten, made with margarine",dravya.potato,M1,potato,0,
3813,"Potato, boiled, from fresh, peel eaten, NS as to fat",dravya.potato,M1,potato,0,
3814,"Potato, boiled, from fresh, peel eaten, fat added, NS as to fat type",dravya.potato,M1,potato,0,
3815,"Potato, boiled, from fresh,  peel eaten, no added fat",dravya.potato,M1,potato,0,
3816,"Potato, boiled, from fresh, peel eaten, made with oil",dravya.potato,M1,potato,0,
3817,"Potato, boiled, from fresh, peel eaten, made with butter",dravya.potato,M1,potato,0,
3818,"Potato, boiled, from fresh, peel eaten, made with margarine",dravya.potato,M1,potato,0,
3819,"Potato, canned, NS as to fat",dravya.potato,M1,potato,0,
3820,"Potato, canned, fat added, NS as to fat type",dravya.potato,M1,potato,0,
3821,"Potato, canned, no added fat",dravya.potato,M1,potato,0,
3822,"Potato, roasted, NFS",dravya.potato,M1,potato,0,
3823,"Potato, roasted, from fresh, peel eaten, NS as to fat",dravya.potato,M1,potato,0,
3824,"Potato, roasted, from fresh, peel eaten, no added fat",dravya.potato,M1,potato,0,
3825,"Potato, roasted, from fresh, peel eaten, fat added, NS as to fat type",dravya.potato,M1,potato,0,
3826,"Potato, roasted, from fresh, peel eaten, made with oil",dravya.potato,M1,potato,0,
3827,"Potato, roasted, from fresh, peel eaten, made with butter",dravya.potato,M1,potato,0,
3828,"Potato, roasted, from fresh, peel eaten, made with margarine",dravya.potato,M1,potato,0,
3829,"Potato, roasted, from fresh, peel not eaten, NS as to fat",dravya.potato,M1,potato,0,
3830,"Potato, roasted, from fresh, peel not eaten, fat added, NS as to fat type",dravya.potato,M1,potato,0,
3831,"Potato, roasted, from fresh, peel not eaten, no added fat",dravya.potato,M1,potato,0,
3832,"Potato, roasted, from fresh, peel not eaten, made with oil",dravya.potato,M1,potato,0,
3833,"Potato, roasted, from fresh, peel not eaten, made with butter",dravya.potato,M1,potato,0,
3834,"Potato, roasted, from fresh, peel not eaten, made with margarine",dravya.potato,M1,potato,0,
3835,"Potato, roasted, ready-to-heat",dravya.potato,M1,potato,0,
3938,"Potato, baked, peel not eaten, with butter",dravya.potato,M1,potato,0,
3939,"Potato, baked, peel not eaten, with sour cream",dravya.potato,M1,potato,0,
3940,"Potato, baked, peel not eaten, with cheese",dravya.potato,M1,potato,0,
3941,"Potato, baked, peel not eaten, with meat",dravya.potato,M1,potato,0,
3942,"Potato, baked, peel not eaten, with chili",dravya.potato,M1,potato,0,
3943,"Potato, baked, peel not eaten, with vegetables",dravya.potato,M1,potato,0,
3944,"Potato, baked, peel eaten",dravya.potato,M1,potato,0,
3945,"Potato, baked, peel eaten, with butter",dravya.potato,M1,potato,0,
3946,"Potato, baked, peel eaten, with sour cream",dravya.potato,M1,potato,0,
3947,"Potato, baked, peel eaten, with cheese",dravya.potato,M1,potato,0,
3948,"Potato, baked, peel eaten, with meat",dravya.potato,M1,potato,0,
3949,"Potato, baked, peel eaten, with chili",dravya.potato,M1,potato,0,
3950,"Potato, baked, peel eaten, with vegetables",dravya.potato,M1,potato,0,
3978,"Plantain, cooked, no added fat",dravya.raw-banana,M1,plantain,0,
3979,"Plantain, cooked with oil",dravya.raw-banana,M1,plantain,0,
3980,"Plantain, raw",dravya.raw-banana,M1,plantain,0,
3981,"Plantain, cooked, fat added, NS as to fat type",dravya.raw-banana,M1,plantain,0,
3982,"Plantain, cooked with butter or margarine",dravya.raw-banana,M1,plantain,0,
3990,"Beet greens, cooked",dravya.beet-greens,M1,beet greens,0,
3991,"Chard, raw",dravya.swiss-chard,M1,chard,0,
3992,"Chard, cooked",dravya.swiss-chard,M1,chard,0,
4004,"Dandelion greens, cooked",dravya.dandelion-greens,M1,dandelion greens,0,
4014,"Kale, fresh, cooked, no added fat",dravya.kale,M1,kale,0,
4015,"Kale, frozen, cooked, no added fat",dravya.kale,M1,kale,0,
4016,"Kale, NS as to form, cooked",dravya.kale,M1,kale,0,
4017,"Kale, fresh, cooked, fat added",dravya.kale,M1,kale,0,
4018,"Kale, frozen, cooked, fat added",dravya.kale,M1,kale,0,
4020,"Mustard greens, fresh, cooked, no added fat",dravya.mustard-greens,M1,mustard greens,0,
4021,"Mustard greens, frozen, cooked, no added fat",dravya.mustard-greens,M1,mustard greens,0,
4022,"Mustard greens, NS as to form, cooked",dravya.mustard-greens,M1,mustard greens,0,
4023,"Mustard greens, fresh, cooked, fat added",dravya.mustard-greens,M1,mustard greens,0,
4024,"Mustard greens, frozen, cooked, fat added",dravya.mustard-greens,M1,mustard greens,0,
4026,"Spinach, fresh, cooked, no added fat",dravya.spinach,M1,spinach,0,
4027,"Spinach, frozen, cooked, no added fat",dravya.spinach,M1,spinach,0,
4028,"Spinach, canned, cooked, no added fat",dravya.spinach,M1,spinach,0,
4029,"Spinach, fresh, cooked with oil",dravya.spinach,M1,spinach,0,
4030,"Spinach, fresh, cooked with butter or margarine",dravya.spinach,M1,spinach,0,
4031,"Spinach, NS as to form, cooked",dravya.spinach,M1,spinach,0,
4032,"Spinach, fresh, cooked, fat added, NS as to fat type",dravya.spinach,M1,spinach,0,
4033,"Spinach, frozen, cooked, fat added, NS as to fat type",dravya.spinach,M1,spinach,0,
4034,"Spinach, canned, cooked, fat added, NS as to fat type",dravya.spinach,M1,spinach,0,
4035,"Spinach, frozen, cooked with oil",dravya.spinach,M1,spinach,0,
4036,"Spinach, frozen, cooked with butter or margarine",dravya.spinach,M1,spinach,0,
4037,"Spinach, canned, cooked with oil",dravya.spinach,M1,spinach,0,
4038,"Spinach, canned, cooked with butter or margarine",dravya.spinach,M1,spinach,0,
4039,"Spinach, creamed",dravya.spinach,M1,spinach,0,
4049,"Watercress, cooked",dravya.watercress,M1,watercress,0,
4050,"Bitter melon, horseradish, jute, or radish leaves, cooked",dravya.bitter-gourd,M1,bitter melon,0,
4051,"Sweet potato, squash, pumpkin, chrysanthemum, or bean leaves, cooked",dravya.sweet-potato,M1,sweet potato,1,dravya.potato
4052,"Broccoli, cooked, from restaurant",dravya.broccoli,M1,broccoli,0,
4053,"Broccoli, fresh, cooked, no added fat",dravya.broccoli,M1,broccoli,0,
4054,"Broccoli, frozen, cooked, no added fat",dravya.broccoli,M1,broccoli,0,
4055,"Broccoli, NS as to form, cooked",dravya.broccoli,M1,broccoli,0,
4056,"Broccoli, fresh, cooked, fat added, NS as to fat type",dravya.broccoli,M1,broccoli,0,
4057,"Broccoli, frozen, cooked, fat added, NS as to fat type",dravya.broccoli,M1,broccoli,0,
4058,"Broccoli, fresh, cooked with oil",dravya.broccoli,M1,broccoli,0,
4059,"Broccoli, fresh, cooked with butter or margarine",dravya.broccoli,M1,broccoli,0,
4060,"Broccoli, frozen, cooked with oil",dravya.broccoli,M1,broccoli,0,
4061,"Broccoli, frozen, cooked with butter or margarine",dravya.broccoli,M1,broccoli,0,
4065,"Broccoli, Chinese, cooked",dravya.broccoli,M1,broccoli,0,
4097,"Pumpkin, canned, cooked",dravya.pumpkin,M1,pumpkin,0,
4098,"Pumpkin, cooked",dravya.pumpkin,M1,pumpkin,0,
4103,"Sweet potato, NFS",dravya.sweet-potato,M1,sweet potato,1,dravya.potato
4104,"Sweet potato, baked, NS as to fat",dravya.sweet-potato,M1,sweet potato,1,dravya.potato
4105,"Sweet potato, baked, no added fat",dravya.sweet-potato,M1,sweet potato,1,dravya.potato
4106,"Sweet potato, baked, fat added",dravya.sweet-potato,M1,sweet potato,1,dravya.potato
4107,"Sweet potato, boiled, NS as to fat",dravya.sweet-potato,M1,sweet potato,1,dravya.potato
4108,"Sweet potato, boiled, no added fat",dravya.sweet-potato,M1,sweet potato,1,dravya.potato
4109,"Sweet potato, boiled, fat added",dravya.sweet-potato,M1,sweet potato,1,dravya.potato
4110,"Sweet potato, candied",dravya.sweet-potato,M1,sweet potato,1,dravya.potato
4111,"Sweet potato, canned, NS as to fat",dravya.sweet-potato,M1,sweet potato,1,dravya.potato
4112,"Sweet potato, canned, no added fat",dravya.sweet-potato,M1,sweet potato,1,dravya.potato
4113,"Sweet potato, canned, fat added",dravya.sweet-potato,M1,sweet potato,1,dravya.potato
4114,"Sweet potato, casserole or mashed",dravya.sweet-potato,M1,sweet potato,1,dravya.potato
4132,"Tomato, green, pickled",dravya.tomato,M1,tomato,0,
4134,"Tomato juice, 100%",dravya.tomato,M2,tomato,0,
4135,"Tomato juice, 100%, low sodium",dravya.tomato,M2,tomato,0,
4174,"Green beans, raw",dravya.green-beans,M1,green beans,0,
4176,"Cabbage, green, raw",dravya.cabbage,M1,cabbage,0,
4177,"Cabbage, Chinese, raw",dravya.cabbage,M1,cabbage,0,
4179,"Fennel bulb, raw",dravya.fennel-bulb,M1,fennel bulb,0,
4181,"Cilantro, raw",dravya.cilantro,M1,cilantro,0,
4182,"Corn, raw",dravya.corn,M1,corn,0,
4183,"Cucumber, raw",dravya.cucumber,M1,cucumber,0,
4186,"Lettuce, Boston, raw",dravya.lettuce,M1,lettuce,0,
4187,"Lettuce, arugula, raw",dravya.lettuce,M1,lettuce,0,
4192,"Green peas, raw",dravya.green-pea-fresh,M1,green peas,0,
4196,Radish,dravya.radish,M1,radish,0,
4200,"Summer squash, yellow, raw",dravya.summer-squash,M1,summer squash,0,
4202,"Turnip, raw",dravya.turnip,M1,turnip,0,
4204,Celery juice,dravya.celery,M2,celery,0,
4215,"Lettuce, salad with assorted vegetables including tomatoes and/or carrots, no dressing",dravya.lettuce,M1,lettuce,0,
4216,"Lettuce, salad with assorted vegetables excluding tomatoes and carrots, no dressing",dravya.lettuce,M1,lettuce,0,
4217,"Lettuce, salad with avocado, tomato, and/or carrots, with or without other vegetables, no dressing",dravya.lettuce,M1,lettuce,0,
4218,"Lettuce, salad with cheese, tomato and/or carrots, with or without other vegetables, no dressing",dravya.lettuce,M1,lettuce,0,
4219,"Lettuce, salad with egg, tomato, and/or carrots, with or without other vegetables, no dressing",dravya.lettuce,M1,lettuce,0,
4220,"Lettuce, salad with egg, cheese, tomato, and/or carrots, with or without other vegetables, no dressing",dravya.lettuce,M1,lettuce,0,
4227,"Asparagus, fresh, cooked, no added fat",dravya.asparagus,M1,asparagus,0,
4228,"Asparagus, frozen, cooked, no added fat",dravya.asparagus,M1,asparagus,0,
4229,"Asparagus, canned, cooked, no added fat",dravya.asparagus,M1,asparagus,0,
4230,"Asparagus, NS as to form, cooked",dravya.asparagus,M1,asparagus,0,
4231,"Asparagus, fresh, cooked, fat added, NS as to fat type",dravya.asparagus,M1,asparagus,0,
4232,"Asparagus, frozen, cooked, fat added, NS as to fat type",dravya.asparagus,M1,asparagus,0,
4233,"Asparagus, canned, cooked, fat added, NS as to fat type",dravya.asparagus,M1,asparagus,0,
4234,"Asparagus, fresh, cooked with oil",dravya.asparagus,M1,asparagus,0,
4235,"Asparagus, fresh, cooked with butter or margarine",dravya.asparagus,M1,asparagus,0,
4236,"Asparagus, frozen, cooked with oil",dravya.asparagus,M1,asparagus,0,
4237,"Asparagus, frozen, cooked with butter or margarine",dravya.asparagus,M1,asparagus,0,
4238,"Asparagus, canned, cooked with oil",dravya.asparagus,M1,asparagus,0,
4239,"Asparagus, canned, cooked with butter or margarine",dravya.asparagus,M1,asparagus,0,
4244,"Green beans, cooked, from restaurant",dravya.green-beans,M1,green beans,0,
4245,"Green beans, fresh, cooked, no added fat",dravya.green-beans,M1,green beans,0,
4246,"Green beans, frozen, cooked, no added fat",dravya.green-beans,M1,green beans,0,
4247,"Green beans, canned, cooked, no added fat",dravya.green-beans,M1,green beans,0,
4248,"Green beans, NS as to form, cooked",dravya.green-beans,M1,green beans,0,
4249,"Green beans, fresh, cooked, fat added, NS as to fat type",dravya.green-beans,M1,green beans,0,
4250,"Green beans, frozen, cooked, fat added, NS as to fat type",dravya.green-beans,M1,green beans,0,
4251,"Green beans, canned, cooked, fat added, NS as to fat type",dravya.green-beans,M1,green beans,0,
4252,"Green beans, fresh, cooked with oil",dravya.green-beans,M1,green beans,0,
4253,"Green beans, fresh, cooked with butter or margarine",dravya.green-beans,M1,green beans,0,
4254,"Green beans, frozen, cooked with oil",dravya.green-beans,M1,green beans,0,
4255,"Green beans, frozen, cooked with butter or margarine",dravya.green-beans,M1,green beans,0,
4256,"Green beans, canned, cooked with oil",dravya.green-beans,M1,green beans,0,
4257,"Green beans, canned, cooked with butter or margarine",dravya.green-beans,M1,green beans,0,
4258,"Green beans, canned, reduced sodium, cooked, no added fat",dravya.green-beans,M1,green beans,0,
4259,"Green beans, canned, reduced sodium, cooked, fat added, NS as to fat type",dravya.green-beans,M1,green beans,0,
4260,"Green beans, canned, reduced sodium, cooked with oil",dravya.green-beans,M1,green beans,0,
4261,"Green beans, canned, reduced sodium, cooked with butter or margarine",dravya.green-beans,M1,green beans,0,
4263,"Yellow string beans, cooked",dravya.green-beans,M2,string beans,0,
4271,"Bitter melon, cooked",dravya.bitter-gourd,M1,bitter melon,0,
4272,"Breadfruit, cooked",dravya.breadfruit,M1,breadfruit,0,
4280,"Cabbage, Chinese, cooked, no added fat",dravya.cabbage,M1,cabbage,0,
4281,"Cabbage, Chinese, cooked, fat added",dravya.cabbage,M1,cabbage,0,
4282,"Cabbage, green, cooked, no added fat",dravya.cabbage,M1,cabbage,0,
4283,"Cabbage, green, cooked, fat added, NS as to fat type",dravya.cabbage,M1,cabbage,0,
4284,"Cabbage, green, cooked with oil",dravya.cabbage,M1,cabbage,0,
4285,"Cabbage, green, cooked with butter or margarine",dravya.cabbage,M1,cabbage,0,
4286,"Cabbage, red, cooked",dravya.cabbage,M1,cabbage,0,
4287,"Cabbage, savoy, cooked",dravya.cabbage,M1,cabbage,0,
4290,"Cauliflower, fresh, cooked, no added fat",dravya.cauliflower,M1,cauliflower,0,
4291,"Cauliflower, frozen, cooked, no added fat",dravya.cauliflower,M1,cauliflower,0,
4292,"Cauliflower, NS as to form, cooked",dravya.cauliflower,M1,cauliflower,0,
4293,"Cauliflower, fresh, cooked, fat added, NS as to fat type",dravya.cauliflower,M1,cauliflower,0,
4294,"Cauliflower, frozen, cooked, fat added, NS as to fat type",dravya.cauliflower,M1,cauliflower,0,
4295,"Cauliflower, fresh, cooked with oil",dravya.cauliflower,M1,cauliflower,0,
4296,"Cauliflower, fresh, cooked with butter or margarine",dravya.cauliflower,M1,cauliflower,0,
4297,"Cauliflower, frozen, cooked with oil",dravya.cauliflower,M1,cauliflower,0,
4298,"Cauliflower, frozen, cooked with butter or margarine",dravya.cauliflower,M1,cauliflower,0,
4299,"Celery, cooked",dravya.celery,M1,celery,0,
4300,"Fennel bulb, cooked",dravya.fennel-bulb,M1,fennel bulb,0,
4302,"Corn, cooked, from restaurant",dravya.corn,M1,corn,0,
4303,"Corn, fresh, cooked, no added fat",dravya.corn,M1,corn,0,
4304,"Corn, frozen, cooked, no added fat",dravya.corn,M1,corn,0,
4305,"Corn, canned, cooked, no added fat",dravya.corn,M1,corn,0,
4306,"Corn, NS as to form, cooked",dravya.corn,M1,corn,0,
4307,"Corn, fresh, cooked, fat added, NS as to fat type",dravya.corn,M1,corn,0,
4308,"Corn, frozen, cooked, fat added, NS as to fat type",dravya.corn,M1,corn,0,
4309,"Corn, canned, cooked, fat added, NS as to fat type",dravya.corn,M1,corn,0,
4310,"Corn, fresh, cooked with oil",dravya.corn,M1,corn,0,
4311,"Corn, fresh, cooked with butter or margarine",dravya.corn,M1,corn,0,
4312,"Corn, frozen, cooked with oil",dravya.corn,M1,corn,0,
4313,"Corn, frozen, cooked with butter or margarine",dravya.corn,M1,corn,0,
4314,"Corn, canned, cooked with oil",dravya.corn,M1,corn,0,
4315,"Corn, canned, cooked with butter or margarine",dravya.corn,M1,corn,0,
4316,"Corn, creamed",dravya.corn,M1,corn,0,
4317,"Corn, canned, reduced sodium, cooked, no added fat",dravya.corn,M1,corn,0,
4318,"Corn, canned, reduced sodium, cooked, fat added, NS as to fat type",dravya.corn,M1,corn,0,
4319,"Corn, canned, reduced sodium, cooked with oil",dravya.corn,M1,corn,0,
4320,"Corn, canned, reduced sodium, cooked with butter or margarine",dravya.corn,M1,corn,0,
4321,"Cucumber, cooked",dravya.cucumber,M1,cucumber,0,
4322,"Eggplant, cooked, no added fat",dravya.eggplant,M1,eggplant,0,
4323,"Eggplant, cooked, fat added",dravya.eggplant,M1,eggplant,0,
4325,"Garlic, cooked",dravya.garlic,M1,garlic,0,
4327,"Kohlrabi, cooked",dravya.kohlrabi,M1,kohlrabi,0,
4329,"Lotus root, cooked",dravya.lotus-root,M1,lotus root,0,
4337,"Okra, fresh, cooked, no added fat",dravya.okra,M1,okra,0,
4338,"Okra, frozen, cooked, no added fat",dravya.okra,M1,okra,0,
4339,"Okra, NS as to form, cooked",dravya.okra,M1,okra,0,
4340,"Okra, fresh, cooked, fat added",dravya.okra,M1,okra,0,
4341,"Okra, frozen, cooked, fat added",dravya.okra,M1,okra,0,
4342,"Lettuce, cooked",dravya.lettuce,M1,lettuce,0,
4351,"Green peas, cooked, from restaurant",dravya.green-pea-fresh,M1,green peas,0,
4352,"Green peas, fresh, cooked, no added fat",dravya.green-pea-fresh,M1,green peas,0,
4353,"Green peas, frozen, cooked, no added fat",dravya.green-pea-fresh,M1,green peas,0,
4354,"Green peas, canned, cooked, no added fat",dravya.green-pea-fresh,M1,green peas,0,
4355,"Green peas, NS as to form, cooked",dravya.green-pea-fresh,M1,green peas,0,
4356,"Green peas, fresh, cooked, fat added, NS as to fat type",dravya.green-pea-fresh,M1,green peas,0,
4357,"Green peas, frozen, cooked, fat added, NS as to fat type",dravya.green-pea-fresh,M1,green peas,0,
4358,"Green peas, canned, cooked, fat added, NS as to fat type",dravya.green-pea-fresh,M1,green peas,0,
4359,"Green peas, fresh, cooked with oil",dravya.green-pea-fresh,M1,green peas,0,
4360,"Green peas, fresh, cooked with butter or margarine",dravya.green-pea-fresh,M1,green peas,0,
4361,"Green peas, frozen, cooked with oil",dravya.green-pea-fresh,M1,green peas,0,
4362,"Green peas, frozen, cooked with butter or margarine",dravya.green-pea-fresh,M1,green peas,0,
4363,"Green peas, canned, cooked with oil",dravya.green-pea-fresh,M1,green peas,0,
4364,"Green peas, canned, cooked with butter or margarine",dravya.green-pea-fresh,M1,green peas,0,
4365,"Green peas, canned, reduced sodium, cooked, no added fat",dravya.green-pea-fresh,M1,green peas,0,
4366,"Green peas, canned, reduced sodium, cooked, fat added, NS as to fat type",dravya.green-pea-fresh,M1,green peas,0,
4367,"Green peas, canned, reduced sodium, cooked with oil",dravya.green-pea-fresh,M1,green peas,0,
4368,"Green peas, canned, reduced sodium, cooked with butter or margarine",dravya.green-pea-fresh,M1,green peas,0,
4384,"Summer squash, yellow or green, fresh, cooked, no added fat",dravya.summer-squash,M1,summer squash,0,
4385,"Summer squash, yellow or green, frozen, cooked, no added fat",dravya.summer-squash,M1,summer squash,0,
4386,"Summer squash, yellow or green, NS as to form, cooked",dravya.summer-squash,M1,summer squash,0,
4387,"Summer squash, yellow or green, fresh, cooked, fat added, NS as to fat type",dravya.summer-squash,M1,summer squash,0,
4388,"Summer squash, yellow or green, frozen, cooked, fat added, NS as to fat type",dravya.summer-squash,M1,summer squash,0,
4389,"Summer squash, yellow or green, canned, cooked, fat added, NS as to fat type",dravya.summer-squash,M1,summer squash,0,
4390,"Summer squash, yellow or green, fresh, cooked with oil",dravya.summer-squash,M1,summer squash,0,
4391,"Summer squash, yellow or green, fresh, cooked with butter or margarine",dravya.summer-squash,M1,summer squash,0,
4392,"Summer squash, yellow or green, frozen, cooked with oil",dravya.summer-squash,M1,summer squash,0,
4393,"Summer squash, yellow or green, frozen, cooked with butter or margarine",dravya.summer-squash,M1,summer squash,0,
4395,"Turnip, cooked",dravya.turnip,M1,turnip,0,
4397,"Winter melon, cooked",dravya.ash-gourd,M1,winter melon,0,
4425,"Broccoli, cauliflower and carrots, cooked, no added fat",dravya.broccoli,M1,broccoli,0,
4426,"Broccoli, cauliflower and carrots, cooked, fat added",dravya.broccoli,M1,broccoli,0,
4429,"Jai, Monk's Food",dravya.oats,M1,jai,0,
4462,"Green beans, pickled",dravya.green-beans,M1,green beans,0,
4464,"Celery, pickled",dravya.celery,M1,celery,0,
4466,"Cauliflower, pickled",dravya.cauliflower,M1,cauliflower,0,
4467,"Cabbage, green, pickled",dravya.cabbage,M1,cabbage,0,
4468,"Cabbage, red, pickled",dravya.cabbage,M1,cabbage,0,
4473,"Ginger root, pickled",dravya.ginger-fresh,M1,ginger root,0,
4478,"Okra, pickled",dravya.okra,M1,okra,0,
4493,"Turnip, pickled",dravya.turnip,M1,turnip,0,
4495,"Zucchini, pickled",dravya.zucchini,M1,zucchini,0,
4572,Coconut oil,dravya.coconut-oil,M1,coconut oil,0,
4575,Flaxseed oil,dravya.flaxseed-oil,M1,flaxseed oil,0,
4576,Olive oil,dravya.olive-oil,M1,olive oil,0,
4577,Peanut oil,dravya.peanut-oil,M1,peanut oil,0,
4579,Safflower oil,dravya.safflower-oil,M1,safflower oil,0,
4580,Sesame oil,dravya.sesame-oil,M1,sesame oil,0,
4582,Sunflower oil,dravya.sunflower-oil,M1,sunflower oil,0,
4632,"Chicken, for use with vegetables",dravya.broiler-chicken,M1,chicken,0,
4638,"Avocado, for use on a sandwich",dravya.avocado,M1,avocado,0,
4639,"Cucumber, for use on a sandwich",dravya.cucumber,M1,cucumber,0,
4640,"Lettuce, for use on a sandwich",dravya.lettuce,M1,lettuce,0,
4644,"Spinach, for use on a sandwich",dravya.spinach,M1,spinach,0,
5124,"Potato, cooked, as ingredient",dravya.potato,M1,potato,0,
5125,"Spinach, cooked, as ingredient",dravya.spinach,M1,spinach,0,
5126,"Broccoli, cooked, as ingredient",dravya.broccoli,M1,broccoli,0,
5128,"Sweet potato, cooked, as ingredient",dravya.sweet-potato,M1,sweet potato,1,dravya.potato
5134,"Cabbage, cooked, as ingredient",dravya.cabbage,M1,cabbage,0,
5135,"Cauliflower, cooked, as ingredient",dravya.cauliflower,M1,cauliflower,0,
5136,"Eggplant, cooked, as ingredient",dravya.eggplant,M1,eggplant,0,
5137,"Green beans, cooked, as ingredient",dravya.green-beans,M1,green beans,0,
5138,"Summer squash, cooked, as ingredient",dravya.summer-squash,M1,summer squash,0,
5139,"Celery, cooked, as ingredient",dravya.celery,M1,celery,0,
5223,"Fish, salmon, king, chinook, smoked and canned (Alaska Native)",dravya.salmon,M1,salmon,0,
5224,"Fish, salmon, king, chinook, smoked, brined (Alaska Native)",dravya.salmon,M1,salmon,0,
5225,"Fish, salmon, king, chinook, liver (Alaska Native)",dravya.salmon,M1,salmon,0,
5240,"Corn, dried (Navajo)",dravya.corn,M1,corn,0,
5243,"Mutton, cooked, roasted (Navajo)",dravya.goat-meat,M1,mutton,0,
5248,"Fish, salmon, coho (silver), raw (Alaska Native)",dravya.salmon,M1,salmon,0,
5251,"Fish, salmon, red, canned, bones removed (Alaska Native)",dravya.salmon,M1,salmon,0,
5254,"Fish, salmon, red, (sockeye), canned, smoked (Alaska Native)",dravya.salmon,M1,salmon,0,
5255,"Fish, salmon, red, (sockeye), kippered (Alaska Native)",dravya.salmon,M1,salmon,0,
5256,"Fish, salmon, king, with skin, kippered, (Alaska Native)",dravya.salmon,M1,salmon,0,
5262,"Corn, dried, yellow (Northern Plains Indians)",dravya.corn,M1,corn,0,
5310,"Turkey, wing, smoked, cooked, with skin, bone removed",dravya.turkey,M1,turkey,0,
5311,"Turkey, drumstick, smoked, cooked, with skin, bone removed",dravya.turkey,M1,turkey,0,
5313,"Pork, cured, bacon, cooked, broiled, pan-fried or roasted, reduced sodium",dravya.pork,M1,pork,0,
5314,"Turkey, light or dark meat, smoked, cooked, skin and bone removed",dravya.turkey,M1,turkey,0,
5319,"Chicken, meatless, breaded, fried",dravya.broiler-chicken,M1,chicken,0,
5335,"Oil, corn, peanut, and olive",dravya.corn,M1,corn,0,
5345,"Lemon juice, raw",dravya.lemon,M2,lemon,0,
5346,"Lemon juice from concentrate, canned or bottled",dravya.lemon,M2,lemon,0,
5365,"Pineapple, canned, juice pack, drained",dravya.pineapple,M1,pineapple,0,
5369,"Apple juice, canned or bottled, unsweetened, with added ascorbic acid",dravya.apple,M2,apple,0,
5373,"Apple juice, frozen concentrate, unsweetened, diluted with 3 volume water, with added ascorbic acid",dravya.apple,M2,apple,0,
5385,"Pomegranate juice, bottled",dravya.pomegranate-juice,M1,pomegranate juice,1,dravya.pomegranate
5392,"Orange juice, chilled, includes from concentrate, with added calcium and vitamins A, D, E",dravya.orange-juice,M1,orange juice,1,dravya.orange
5393,"Apple juice, canned or bottled, unsweetened, with added ascorbic acid, calcium, and potassium",dravya.apple,M2,apple,0,
5398,"Pork, fresh, composite of trimmed leg, loin, shoulder, and spareribs, (includes cuts to be cured), separable lean and fat, raw",dravya.pork,M1,pork,0,
5399,"Pork, fresh, backfat, raw",dravya.pork,M1,pork,0,
5400,"Pork, fresh, belly, raw",dravya.pork,M1,pork,0,
5401,"Pork, fresh, separable fat, raw",dravya.pork,M1,pork,0,
5402,"Pork, fresh, leg (ham), rump half, separable lean and fat, raw",dravya.pork,M1,pork,0,
5403,"Pork, fresh, leg (ham), rump half, separable lean and fat, cooked, roasted",dravya.pork,M1,pork,0,
5404,"Pork, fresh, leg (ham), rump half, separable lean only, raw (Includes foods for USDA's Food Distribution Program)",dravya.pork,M1,pork,0,
5405,"Pork, fresh, leg (ham), rump half, separable lean only, cooked, roasted",dravya.pork,M1,pork,0,
5406,"Pork, fresh, loin, whole, separable lean and fat, raw",dravya.pork,M1,pork,0,
5407,"Pork, fresh, loin, whole, separable lean and fat, cooked, braised",dravya.pork,M1,pork,0,
5408,"Pork, fresh, loin, whole, separable lean and fat, cooked, broiled",dravya.pork,M1,pork,0,
5409,"Pork, fresh, loin, whole, separable lean and fat, cooked, roasted",dravya.pork,M1,pork,0,
5410,"Pork, fresh, loin, blade (chops or roasts), bone-in, separable lean and fat, raw",dravya.pork,M1,pork,0,
5411,"Pork, fresh, loin, blade (chops), bone-in, separable lean and fat, cooked, braised",dravya.pork,M1,pork,0,
5412,"Pork, fresh, loin, blade (chops), bone-in, separable lean and fat, cooked, broiled",dravya.pork,M1,pork,0,
5413,"Pork, fresh, loin, blade (roasts), bone-in, separable lean and fat, cooked, roasted",dravya.pork,M1,pork,0,
5414,"Pork, fresh, loin, center loin (chops), bone-in, separable lean and fat, cooked, braised",dravya.pork,M1,pork,0,
5415,"Pork, fresh, loin, center loin (chops), bone-in, separable lean and fat, cooked, broiled",dravya.pork,M1,pork,0,
5416,"Pork, fresh, loin, center loin (roasts), bone-in, separable lean and fat, cooked, roasted",dravya.pork,M1,pork,0,
5417,"Pork, fresh, loin, center loin (chops), bone-in, separable lean only, raw",dravya.pork,M1,pork,0,
5418,"Pork, fresh, loin, center rib (chops), bone-in, separable lean and fat, cooked, braised",dravya.pork,M1,pork,0,
5419,"Pork, fresh, loin, center rib (chops), bone-in, separable lean and fat, cooked, broiled",dravya.pork,M1,pork,0,
5420,"Pork, fresh, loin, center rib (roasts), bone-in, separable lean and fat, cooked, roasted",dravya.pork,M1,pork,0,
5421,"Pork, fresh, loin, center rib (chops or roasts), bone-in, separable lean only, raw",dravya.pork,M1,pork,0,
5422,"Pork, fresh, loin, sirloin (chops), bone-in, separable lean and fat, cooked, braised",dravya.pork,M1,pork,0,
5423,"Pork, fresh, loin, sirloin (chops), bone-in, separable lean and fat, cooked, broiled",dravya.pork,M1,pork,0,
5424,"Pork, fresh, loin, sirloin (roasts), bone-in, separable lean and fat, cooked, roasted",dravya.pork,M1,pork,0,
5425,"Pork, fresh, loin, sirloin (chops or roasts), bone-in, separable lean only, raw",dravya.pork,M1,pork,0,
5426,"Pork, fresh, loin, sirloin (chops), bone-in, separable lean only, cooked, braised",dravya.pork,M1,pork,0,
5427,"Pork, fresh, loin, top loin (chops), boneless, separable lean and fat, raw",dravya.pork,M1,pork,0,
5428,"Pork, fresh, loin, top loin (chops), boneless, separable lean and fat, cooked, braised",dravya.pork,M1,pork,0,
5429,"Pork, fresh, loin, top loin (chops), boneless, separable lean and fat, cooked, broiled",dravya.pork,M1,pork,0,
5430,"Pork, fresh, loin, top loin (roasts), boneless, separable lean and fat, cooked, roasted",dravya.pork,M1,pork,0,
5431,"Pork, fresh, shoulder, whole, separable lean and fat, raw",dravya.pork,M1,pork,0,
5432,"Pork, fresh, shoulder, whole, separable lean and fat, cooked, roasted",dravya.pork,M1,pork,0,
5433,"Pork, fresh, shoulder, whole, separable lean only, raw",dravya.pork,M1,pork,0,
5434,"Pork, fresh, shoulder, whole, separable lean only, cooked, roasted",dravya.pork,M1,pork,0,
5435,"Pork, fresh, shoulder, arm picnic, separable lean only, cooked, braised",dravya.pork,M1,pork,0,
5436,"Pork, fresh, shoulder, arm picnic, separable lean only, cooked, roasted",dravya.pork,M1,pork,0,
5437,"Pork, fresh, shoulder, (Boston butt), blade (steaks), separable lean and fat, raw",dravya.pork,M1,pork,0,
5438,"Pork, fresh, shoulder, (Boston butt), blade (steaks), separable lean and fat, cooked, braised",dravya.pork,M1,pork,0,
5439,"Pork, fresh, shoulder, blade, boston (steaks), separable lean and fat, cooked, broiled",dravya.pork,M1,pork,0,
5440,"Pork, fresh, shoulder, blade, boston (roasts), separable lean only, cooked, roasted",dravya.pork,M1,pork,0,
5441,"Pork, fresh, spareribs, separable lean and fat, raw",dravya.pork,M1,pork,0,
5442,"Pork, fresh, spareribs, separable lean and fat, cooked, braised",dravya.pork,M1,pork,0,
5443,"Pork, fresh, composite of trimmed retail cuts (leg, loin, and shoulder), separable lean only, cooked",dravya.pork,M1,pork,0,
5444,"Pork, fresh, variety meats and by-products, chitterlings, cooked, simmered",dravya.pork,M1,pork,0,
5445,"Pork, fresh, variety meats and by-products, ears, frozen, raw",dravya.pork,M1,pork,0,
5446,"Pork, fresh, variety meats and by-products, ears, frozen, cooked, simmered",dravya.pork,M1,pork,0,
5447,"Pork, fresh, variety meats and by-products, feet, raw",dravya.pork,M1,pork,0,
5448,"Pork, fresh, variety meats and by-products, kidneys, cooked, braised",dravya.pork,M1,pork,0,
5449,"Pork, fresh, variety meats and by-products, leaf fat, raw",dravya.pork,M1,pork,0,
5450,"Pork, fresh, variety meats and by-products, liver, raw",dravya.pork,M1,pork,0,
5451,"Pork, fresh, variety meats and by-products, liver, cooked, braised",dravya.pork,M1,pork,0,
5452,"Pork, fresh, variety meats and by-products, lungs, raw",dravya.pork,M1,pork,0,
5453,"Pork, fresh, variety meats and by-products, spleen, raw",dravya.pork,M1,pork,0,
5454,"Pork, fresh, variety meats and by-products, spleen, cooked, braised",dravya.pork,M1,pork,0,
5455,"Pork, fresh, variety meats and by-products, stomach, raw",dravya.pork,M1,pork,0,
5456,"Pork, fresh, loin, blade (chops), bone-in, separable lean only, cooked, pan-fried",dravya.pork,M1,pork,0,
5458,"Pork, cured, feet, pickled",dravya.pork,M1,pork,0,
5459,"Pork, cured, ham, boneless, extra lean (approximately 5% fat), roasted",dravya.pork,M1,pork,0,
5460,"Pork, cured, ham, boneless, regular (approximately 11% fat), roasted",dravya.pork,M1,pork,0,
5461,"Pork, cured, ham, patties, unheated",dravya.pork,M1,pork,0,
5462,"Pork, cured, ham, steak, boneless, extra lean, unheated",dravya.pork,M1,pork,0,
5463,"Pork, cured, ham, whole, separable lean and fat, unheated",dravya.pork,M1,pork,0,
5464,"Pork, cured, ham, whole, separable lean only, unheated",dravya.pork,M1,pork,0,
5465,"Pork, cured, separable fat (from ham and arm picnic), unheated",dravya.pork,M1,pork,0,
5466,"Pork, cured, separable fat (from ham and arm picnic), roasted",dravya.pork,M1,pork,0,
5467,"Pork, cured, shoulder, arm picnic, separable lean and fat, roasted",dravya.pork,M1,pork,0,
5468,"Pork, cured, shoulder, arm picnic, separable lean only, roasted",dravya.pork,M1,pork,0,
5469,"Pork, fresh, variety meats and by-products, tail, cooked, simmered",dravya.pork,M1,pork,0,
5470,"Pork, fresh, loin, center loin (chops), bone-in, separable lean only, cooked, pan-fried",dravya.pork,M1,pork,0,
5471,"Pork, fresh, loin, center rib (chops), bone-in, separable lean only, cooked, pan-fried",dravya.pork,M1,pork,0,
5472,"Pork, fresh, loin, blade (chops), bone-in, separable lean and fat, cooked, pan-fried",dravya.pork,M1,pork,0,
5473,"Pork, cured, ham, extra lean and regular, canned, unheated",dravya.pork,M1,pork,0,
5474,"Pork, cured, ham, extra lean and regular, canned, roasted",dravya.pork,M1,pork,0,
5475,"Pork, fresh, loin, top loin (chops), boneless, separable lean and fat, cooked, pan-fried",dravya.pork,M1,pork,0,
5476,"Pork, fresh, composite of trimmed retail cuts (leg, loin, shoulder, and spareribs), separable lean and fat, raw",dravya.pork,M1,pork,0,
5477,"Pork, fresh, loin, center rib (chops or roasts), boneless, separable lean and fat, raw",dravya.pork,M1,pork,0,
5478,"Pork, fresh, loin, center rib (chops), boneless, separable lean and fat, cooked, braised",dravya.pork,M1,pork,0,
5479,"Pork, fresh, loin, center rib (chops), boneless, separable lean and fat, cooked, broiled",dravya.pork,M1,pork,0,
5480,"Pork, fresh, loin, center rib (chops), boneless, separable lean and fat, cooked, pan-fried",dravya.pork,M1,pork,0,
5481,"Pork, fresh, loin, center rib (chops), boneless, separable lean only, cooked, pan-fried",dravya.pork,M1,pork,0,
5482,"Pork, fresh, loin, center rib (roasts), boneless, separable lean only, cooked, roasted",dravya.pork,M1,pork,0,
5483,"Pork, fresh, loin, country-style ribs, separable lean and fat, raw",dravya.pork,M1,pork,0,
5484,"Pork, fresh, loin, country-style ribs, separable lean and fat, cooked, braised",dravya.pork,M1,pork,0,
5485,"Pork, fresh, loin, country-style ribs, separable lean and fat, bone-in, cooked, roasted",dravya.pork,M1,pork,0,
5486,"Pork, fresh, loin, sirloin (chops), boneless, separable lean and fat, cooked, braised",dravya.pork,M1,pork,0,
5487,"Pork, fresh, loin, sirloin (chops), boneless, separable lean and fat, cooked, broiled",dravya.pork,M1,pork,0,
5488,"Pork, fresh, loin, sirloin (roasts), boneless, separable lean and fat, cooked, roasted",dravya.pork,M1,pork,0,
5489,"Pork, fresh, loin, sirloin (chops or roasts), boneless, separable lean only, raw",dravya.pork,M1,pork,0,
5490,"Pork, fresh, ground, raw",dravya.pork,M1,pork,0,
5491,"Pork, fresh, ground, cooked",dravya.pork,M1,pork,0,
5492,"Pork, fresh, loin, tenderloin, separable lean and fat, cooked, broiled",dravya.pork,M1,pork,0,
5493,"Pork, fresh, loin, tenderloin, separable lean and fat, cooked, roasted",dravya.pork,M1,pork,0,
5494,"Pork, fresh, composite of trimmed retail cuts (loin and shoulder blade), separable lean and fat, cooked",dravya.pork,M1,pork,0,
5495,"Pork, fresh, composite of trimmed retail cuts (loin and shoulder blade), separable lean only, raw",dravya.pork,M1,pork,0,
5496,"Pork, fresh, composite of trimmed retail cuts (loin and shoulder blade), separable lean only, cooked",dravya.pork,M1,pork,0,
5497,"Pork, fresh, loin, top loin (chops), boneless, separable lean only, with added solution, cooked, pan-broiled",dravya.pork,M1,pork,0,
5498,"Pork, fresh, loin, top loin (chops), boneless, separable lean and fat, with added solution, cooked, pan-broiled",dravya.pork,M1,pork,0,
5499,"Pork, cured, bacon, cooked, baked",dravya.pork,M1,pork,0,
5500,"Pork, cured, ham -- water added, rump, bone-in, separable lean only, heated, roasted",dravya.pork,M1,pork,0,
5501,"Pork, cured, ham -- water added, rump, bone-in, separable lean only, unheated",dravya.pork,M1,pork,0,
5502,"Pork, cured, ham -- water added, shank, bone-in, separable lean only, heated, roasted",dravya.pork,M1,pork,0,
5503,"Pork, cured, ham -- water added, slice, bone-in, separable lean only, heated, pan-broil",dravya.pork,M1,pork,0,
5504,"Pork, cured, ham with natural juices, rump, bone-in, separable lean only, heated, roasted",dravya.pork,M1,pork,0,
5505,"Pork, cured, ham with natural juices, shank, bone-in, separable lean only, heated, roasted",dravya.pork,M1,pork,0,
5574,"Fish, salmon, tipnuk, fermented (Alaska Native)",dravya.salmon,M1,salmon,0,
5575,"Fish, salmon, king, chinook, kippered, canned (Alaska Native)",dravya.salmon,M1,salmon,0,
5588,"Corn, white, steamed (Navajo)",dravya.corn,M1,corn,0,
5596,"Fish, salmon, sockeye (red), raw (Alaska Native)",dravya.salmon,M1,salmon,0,
5597,"Fish, Salmon, Chum, raw (Alaska Native)",dravya.salmon,M1,salmon,0,
5598,"Fish, salmon, king (chinook), raw (Alaska Native)",dravya.salmon,M1,salmon,0,
5605,"Fish, salmon, chum, dried (Alaska Native)",dravya.salmon,M1,salmon,0,
5647,Papad,dravya.urad-papad,M1,papad,0,
5650,"Pork, cured, ham, low sodium, lean and fat, cooked",dravya.pork,M1,pork,0,
5651,"Pork, cured, ham, boneless, low sodium, extra lean (approximately 5% fat), roasted",dravya.pork,M1,pork,0,
5660,"Turkey, light or dark meat, smoked, cooked, with skin, bone removed",dravya.turkey,M1,turkey,0,
5688,"Fish, mackerel, salted",dravya.mackerel,M1,mackerel,0,
5689,"Java-plum, (jambolan), raw",dravya.jamun,M1,java plum,0,
5695,"Lime juice, raw",dravya.lime,M2,lime,0,
5696,"Lime juice, canned or bottled, unsweetened",dravya.lime,M2,lime,0,
5698,"Prunes, canned, heavy syrup pack, solids and liquids",dravya.prunes,M1,prunes,0,
5699,"Prunes, dehydrated (low-moisture), uncooked",dravya.prunes,M1,prunes,0,
5700,"Prunes, dehydrated (low-moisture), stewed",dravya.prunes,M1,prunes,0,
5704,"Raisins, dark, seedless (Includes foods for USDA's Food Distribution Program)",dravya.raisins,M1,raisins,0,
5709,"Roselle, raw",dravya.hibiscus-dry,M1,roselle,0,
5726,"Pineapple juice, canned or bottled, unsweetened, with added ascorbic acid",dravya.pineapple,M2,pineapple,0,
5727,"Apple juice, frozen concentrate, unsweetened, undiluted, with added ascorbic acid",dravya.apple,M2,apple,0,
5731,"Pineapple, raw, traditional varieties",dravya.pineapple,M1,pineapple,0,
5732,"Pineapple, raw, extra sweet variety",dravya.pineapple,M1,pineapple,0,
5743,"Pineapple juice, canned, not from concentrate, unsweetened, with added vitamins A, C and E",dravya.pineapple,M2,pineapple,0,
5752,"Pork, fresh, composite of separable fat, with added solution, cooked",dravya.pork,M1,pork,0,
5753,"Pork, fresh, carcass, separable lean and fat, raw",dravya.pork,M1,pork,0,
5754,"Pork, fresh, composite of trimmed retail cuts (leg, loin, shoulder), separable lean only, raw",dravya.pork,M1,pork,0,
5755,"Pork, fresh, separable fat, cooked",dravya.pork,M1,pork,0,
5756,"Pork, fresh, leg (ham), whole, separable lean and fat, raw",dravya.pork,M1,pork,0,
5757,"Pork, fresh, leg (ham), whole, separable lean and fat, cooked, roasted",dravya.pork,M1,pork,0,
5758,"Pork, fresh, leg (ham), whole, separable lean only, raw",dravya.pork,M1,pork,0,
5759,"Pork, fresh, leg (ham), whole, separable lean only, cooked, roasted",dravya.pork,M1,pork,0,
5760,"Pork, fresh, leg (ham), shank half, separable lean and fat, raw",dravya.pork,M1,pork,0,
5761,"Pork, fresh, leg (ham), shank half, separable lean and fat, cooked, roasted",dravya.pork,M1,pork,0,
5762,"Pork, fresh, leg (ham), shank half, separable lean only, raw",dravya.pork,M1,pork,0,
5763,"Pork, fresh, leg (ham), shank half, separable lean only, cooked, roasted",dravya.pork,M1,pork,0,
5764,"Pork, fresh, loin, whole, separable lean only, raw",dravya.pork,M1,pork,0,
5765,"Pork, fresh, loin, whole, separable lean only, cooked, braised",dravya.pork,M1,pork,0,
5766,"Pork, fresh, loin, whole, separable lean only, cooked, broiled",dravya.pork,M1,pork,0,
5767,"Pork, fresh, loin, whole, separable lean only, cooked, roasted",dravya.pork,M1,pork,0,
5768,"Pork, fresh, loin, blade (chops or roasts), bone-in, separable lean only, raw",dravya.pork,M1,pork,0,
5769,"Pork, fresh, loin, blade (chops), bone-in, separable lean only, cooked, braised",dravya.pork,M1,pork,0,
5770,"Pork, fresh, loin, blade (chops), bone-in, separable lean only, cooked, broiled",dravya.pork,M1,pork,0,
5771,"Pork, fresh, loin, blade (roasts), bone-in, separable lean only, cooked, roasted",dravya.pork,M1,pork,0,
5772,"Pork, fresh, loin, center loin (chops), bone-in, separable lean and fat, raw",dravya.pork,M1,pork,0,
5773,"Pork, fresh, loin, center loin (chops), bone-in, separable lean only, cooked, braised",dravya.pork,M1,pork,0,
5774,"Pork, fresh, loin, center loin (chops), bone-in, separable lean only, cooked, broiled",dravya.pork,M1,pork,0,
5775,"Pork, fresh, loin, center loin (roasts), bone-in, separable lean only, cooked, roasted",dravya.pork,M1,pork,0,
5776,"Pork, fresh, loin, center rib (chops or roasts), bone-in, separable lean and fat, raw",dravya.pork,M1,pork,0,
5777,"Pork, fresh, loin, center rib (chops), bone-in, separable lean only, cooked, braised",dravya.pork,M1,pork,0,
5778,"Pork, fresh, loin, center rib (chops), bone-in, separable lean only, cooked, broiled",dravya.pork,M1,pork,0,
5779,"Pork, fresh, loin, center rib (roasts), bone-in, separable lean only, cooked, roasted",dravya.pork,M1,pork,0,
5780,"Pork, fresh, loin, sirloin (chops or roasts), bone-in, separable lean and fat, raw",dravya.pork,M1,pork,0,
5781,"Pork, fresh, loin, sirloin (chops), bone-in, separable lean only, cooked, broiled",dravya.pork,M1,pork,0,
5782,"Pork, fresh, loin, sirloin (roasts), bone-in, separable lean only, cooked, roasted",dravya.pork,M1,pork,0,
5783,"Pork, fresh, loin, tenderloin, separable lean only, raw",dravya.pork,M1,pork,0,
5784,"Pork, fresh, loin, tenderloin, separable lean only, cooked, roasted",dravya.pork,M1,pork,0,
5785,"Pork, fresh, loin, top loin (chops), boneless, separable lean only, raw",dravya.pork,M1,pork,0,
5786,"Pork, fresh, loin, top loin (chops), boneless, separable lean only, cooked, braised",dravya.pork,M1,pork,0,
5787,"Pork, fresh, loin, top loin (chops), boneless, separable lean only, cooked, broiled",dravya.pork,M1,pork,0,
5788,"Pork, fresh, loin, top loin (roasts), boneless, separable lean only, cooked, roasted",dravya.pork,M1,pork,0,
5789,"Pork, fresh, shoulder, arm picnic, separable lean and fat, raw",dravya.pork,M1,pork,0,
5790,"Pork, fresh, shoulder, arm picnic, separable lean and fat, cooked, braised",dravya.pork,M1,pork,0,
5791,"Pork, fresh, shoulder, arm picnic, separable lean and fat, cooked, roasted",dravya.pork,M1,pork,0,
5792,"Pork, fresh, shoulder, arm picnic, separable lean only, raw",dravya.pork,M1,pork,0,
5793,"Pork, fresh, shoulder, blade, boston (roasts), separable lean and fat, cooked, roasted",dravya.pork,M1,pork,0,
5794,"Pork, fresh, shoulder, (Boston butt), blade (steaks), separable lean only, raw",dravya.pork,M1,pork,0,
5795,"Pork, fresh, shoulder, (Boston butt), blade (steaks), separable lean only, cooked, braised",dravya.pork,M1,pork,0,
5796,"Pork, fresh, shoulder, blade, boston (steaks), separable lean only, cooked, broiled",dravya.pork,M1,pork,0,
5797,"Pork, fresh, loin, center loin (chops), boneless, separable lean only, raw",dravya.pork,M1,pork,0,
5798,"Pork, fresh, variety meats and by-products, brain, raw",dravya.pork,M1,pork,0,
5799,"Pork, fresh, variety meats and by-products, brain, cooked, braised",dravya.pork,M1,pork,0,
5800,"Pork, fresh, variety meats and by-products, chitterlings, raw",dravya.pork,M1,pork,0,
5801,"Pork, fresh, variety meats and by-products, heart, raw",dravya.pork,M1,pork,0,
5802,"Pork, fresh, variety meats and by-products, heart, cooked, braised",dravya.pork,M1,pork,0,
5803,"Pork, fresh, variety meats and by-products, jowl, raw",dravya.pork,M1,pork,0,
5804,"Pork, fresh, variety meats and by-products, kidneys, raw",dravya.pork,M1,pork,0,
5805,"Pork, fresh, variety meats and by-products, lungs, cooked, braised",dravya.pork,M1,pork,0,
5806,"Pork, fresh, variety meats and by-products, mechanically separated, raw",dravya.pork,M1,pork,0,
5807,"Pork, fresh, variety meats and by-products, pancreas, raw",dravya.pork,M1,pork,0,
5808,"Pork, fresh, variety meats and by-products, pancreas, cooked, braised",dravya.pork,M1,pork,0,
5809,"Pork, fresh, variety meats and by-products, tongue, raw",dravya.pork,M1,pork,0,
5810,"Pork, fresh, variety meats and by-products, tongue, cooked, braised",dravya.pork,M1,pork,0,
5811,"Pork, cured, bacon, unprepared",dravya.pork,M1,pork,0,
5812,"Pork, cured, breakfast strips, raw or unheated",dravya.pork,M1,pork,0,
5813,"Pork, cured, ham, extra lean (approximately 4% fat), canned, unheated",dravya.pork,M1,pork,0,
5814,"Pork, cured, ham, extra lean (approximately 4% fat), canned, roasted",dravya.pork,M1,pork,0,
5815,"Pork, cured, ham, regular (approximately 13% fat), canned, roasted",dravya.pork,M1,pork,0,
5816,"Pork, cured, ham, center slice, country-style, separable lean only, raw",dravya.pork,M1,pork,0,
5817,"Pork, cured, ham, center slice, separable lean and fat, unheated",dravya.pork,M1,pork,0,
5818,"Pork, cured, ham, whole, separable lean only, roasted",dravya.pork,M1,pork,0,
5819,"Pork, fresh, loin, center loin (chops), boneless, separable lean only, cooked, pan-broiled",dravya.pork,M1,pork,0,
5820,"Pork, fresh, loin, center loin (chops), boneless, separable lean and fat, raw",dravya.pork,M1,pork,0,
5821,"Pork, cured, salt pork, raw",dravya.pork,M1,pork,0,
5822,"Pork, cured, shoulder, blade roll, separable lean and fat, unheated",dravya.pork,M1,pork,0,
5823,"Pork, cured, shoulder, blade roll, separable lean and fat, roasted",dravya.pork,M1,pork,0,
5824,"Pork, fresh, variety meats and by-products, feet, cooked, simmered",dravya.pork,M1,pork,0,
5825,"Pork, fresh, variety meats and by-products, tail, raw",dravya.pork,M1,pork,0,
5826,"Pork, fresh, loin, center loin (chops), bone-in, separable lean and fat, cooked, pan-fried",dravya.pork,M1,pork,0,
5827,"Pork, fresh, loin, center rib (chops), bone-in, separable lean and fat, cooked, pan-fried",dravya.pork,M1,pork,0,
5828,"Pork, fresh, loin, top loin (chops), boneless, separable lean only, cooked, pan-fried",dravya.pork,M1,pork,0,
5829,"Pork, cured, ham, boneless, extra lean and regular, unheated",dravya.pork,M1,pork,0,
5830,"Pork, cured, ham, boneless, extra lean and regular, roasted",dravya.pork,M1,pork,0,
5831,"Pork, fresh, composite of trimmed retail cuts (leg, loin, shoulder, and spareribs), separable lean and fat, cooked",dravya.pork,M1,pork,0,
5832,"Pork, fresh, loin, center loin (chops), boneless, separable lean and fat, cooked, pan-broiled",dravya.pork,M1,pork,0,
5833,"Pork, fresh, backribs, separable lean and fat, raw",dravya.pork,M1,pork,0,
5834,"Pork, fresh, backribs, separable lean and fat, cooked, roasted",dravya.pork,M1,pork,0,
5835,"Pork, fresh, loin, center rib (roasts), boneless, separable lean and fat, cooked, roasted",dravya.pork,M1,pork,0,
5836,"Pork, fresh, loin, center rib (chops or roasts), boneless, separable lean only, raw",dravya.pork,M1,pork,0,
5837,"Pork, fresh, loin, center rib (chops), boneless, separable lean only, cooked, braised",dravya.pork,M1,pork,0,
5838,"Pork, fresh, loin, center rib (chops), boneless, separable lean only, cooked, broiled",dravya.pork,M1,pork,0,
5839,"Pork, fresh, loin, country-style ribs, separable lean only, raw",dravya.pork,M1,pork,0,
5840,"Pork, fresh, loin, country-style ribs, separable lean only, cooked, braised",dravya.pork,M1,pork,0,
5841,"Pork, fresh, loin, country-style ribs, separable lean only, bone-in, cooked, roasted",dravya.pork,M1,pork,0,
5842,"Pork, fresh, loin, sirloin (chops or roasts), boneless, separable lean and fat, raw",dravya.pork,M1,pork,0,
5843,"Pork, fresh, loin, sirloin (chops), boneless, separable lean only, cooked, braised",dravya.pork,M1,pork,0,
5844,"Pork, fresh, loin, sirloin (chops), boneless, separable lean only, cooked, broiled",dravya.pork,M1,pork,0,
5845,"Pork, fresh, loin, sirloin (roasts), boneless, separable lean only, cooked, roasted",dravya.pork,M1,pork,0,
5846,"Pork, fresh, loin, tenderloin, separable lean and fat, raw",dravya.pork,M1,pork,0,
5847,"Pork, fresh, loin, tenderloin, separable lean only, cooked, broiled",dravya.pork,M1,pork,0,
5848,"Pork, fresh, loin, top loin (roasts), boneless, separable lean and fat, raw",dravya.pork,M1,pork,0,
5849,"Pork, fresh, loin, top loin (roasts), boneless, separable lean only, raw",dravya.pork,M1,pork,0,
5850,"Pork, fresh, composite of trimmed retail cuts (loin and shoulder blade), separable lean and fat, raw",dravya.pork,M1,pork,0,
5851,"Pork, cured, bacon, cooked, microwaved",dravya.pork,M1,pork,0,
5852,"Pork, cured, bacon, pre-sliced, cooked, pan-fried",dravya.pork,M1,pork,0,
5853,"Pork, fresh, variety meats and by-products, stomach, cooked, simmered",dravya.pork,M1,pork,0,
5854,"Pork, bacon, rendered fat, cooked",dravya.pork,M1,pork,0,
5855,"Pork, cured, ham and water product, slice, bone-in, separable lean only, heated, pan-broil",dravya.pork,M1,pork,0,
5856,"Pork, cured, ham and water product, slice, boneless, separable lean only, heated, pan-broil",dravya.pork,M1,pork,0,
5857,"Pork, cured, ham and water product, whole, boneless, separable lean only, heated, roasted",dravya.pork,M1,pork,0,
5858,"Pork, cured, ham and water product, whole, boneless, separable lean only, unheated",dravya.pork,M1,pork,0,
5859,"Pork, cured, ham -- water added, slice, boneless, separable lean only, heated, pan-broil",dravya.pork,M1,pork,0,
5860,"Pork, cured, ham with natural juices, slice, bone-in, separable lean only, heated, pan-broil",dravya.pork,M1,pork,0,
5861,"Pork, cured, ham with natural juices, spiral slice, meat only, boneless, separable lean only, heated, roasted",dravya.pork,M1,pork,0,
5862,"Pork, cured, ham and water product, rump, bone-in, separable lean only, heated, roasted",dravya.pork,M1,pork,0,
5863,"Pork, cured, ham with natural juices, slice, boneless, separable lean only, heated, pan-broil",dravya.pork,M1,pork,0,
5864,"Pork, cured, ham with natural juices, whole, boneless, separable lean only, heated, roasted",dravya.pork,M1,pork,0,
5865,"Pork, cured, ham with natural juices, whole, boneless, separable lean only, unheated",dravya.pork,M1,pork,0,
5866,"Pork, cured, ham -- water added, shank, bone-in, separable lean only, unheated",dravya.pork,M1,pork,0,
5867,"Pork, cured, ham with natural juices, rump, bone-in, separable lean only, unheated",dravya.pork,M1,pork,0,
5868,"Pork, cured, ham with natural juices, shank, bone-in, separable lean only, unheated",dravya.pork,M1,pork,0,
5869,"Pork, cured, ham with natural juices, slice, bone-in, separable lean only, unheated",dravya.pork,M1,pork,0,
5870,"Pork, cured, ham with natural juices, spiral slice, boneless, separable lean only, unheated",dravya.pork,M1,pork,0,
5871,"Pork, cured, ham with natural juices, spiral slice, boneless, separable lean and fat, unheated",dravya.pork,M1,pork,0,
5872,"Pork, cured, ham with natural juices, slice, bone-in, separable lean and fat, unheated",dravya.pork,M1,pork,0,
5873,"Pork, cured, ham with natural juices, shank, bone-in, separable lean and fat, unheated",dravya.pork,M1,pork,0,
5874,"Pork, cured, ham with natural juices, rump, bone-in, separable lean and fat, unheated",dravya.pork,M1,pork,0,
5875,"Pork, cured, ham -- water added, whole, boneless, separable lean and fat, unheated",dravya.pork,M1,pork,0,
5876,"Pork, cured, ham -- water added, slice, bone-in, separable lean and fat, unheated",dravya.pork,M1,pork,0,
5877,"Pork, cured, ham -- water added, shank, bone-in, separable lean and fat, unheated",dravya.pork,M1,pork,0,
5878,"Pork, cured, ham -- water added, rump, bone-in, separable lean and fat, unheated",dravya.pork,M1,pork,0,
5879,"Pork, cured, ham -- water added, whole, boneless, separable lean and fat, heated, roasted",dravya.pork,M1,pork,0,
5880,"Pork, cured, ham and water product, rump, bone-in, separable lean and fat, heated, roasted",dravya.pork,M1,pork,0,
5881,"Pork, cured, ham and water product, shank, bone-in, separable lean and fat, heated, roasted",dravya.pork,M1,pork,0,
5882,"Pork, cured, ham and water product, slice, bone-in, separable lean and fat, heated, pan-broil",dravya.pork,M1,pork,0,
5883,"Pork, cured, ham with natural juices, slice, boneless, separable lean and fat, heated, pan-broil",dravya.pork,M1,pork,0,
5884,"Pork, cured, ham with natural juices, spiral slice, boneless, separable lean and fat, heated, roasted",dravya.pork,M1,pork,0,
5885,"Pork, cured, ham with natural juices, whole, boneless, separable lean and fat, heated, roasted",dravya.pork,M1,pork,0,
5886,"Pork, cured, ham, rump, bone-in, separable lean and fat, heated, roasted",dravya.pork,M1,pork,0,
5887,"Pork, cured, ham, shank, bone-in, separable lean and fat, heated, roasted",dravya.pork,M1,pork,0,
5888,"Pork, cured, ham, shank, bone-in, separable lean and fat, unheated",dravya.pork,M1,pork,0,
5889,"Pork, cured, ham, slice, bone-in, separable lean and fat, heated, pan-broil",dravya.pork,M1,pork,0,
5890,"Pork, cured, ham, slice, bone-in, separable lean only, unheated",dravya.pork,M1,pork,0,
5891,"Pork, fresh, enhanced, loin, tenderloin, separable lean only, raw",dravya.pork,M1,pork,0,
5892,"Pork, fresh, shoulder, (Boston butt), blade (steaks), separable lean only, with added solution cooked, braised",dravya.pork,M1,pork,0,
5893,"Pork, fresh, shoulder, (Boston butt), blade (steaks), separable lean only, with added solution, raw",dravya.pork,M1,pork,0,
5894,"Pork, fresh, loin, top loin (chops), boneless, separable lean only, with added solution, cooked, broiled",dravya.pork,M1,pork,0,
5895,"Pork, fresh, shoulder, (Boston butt), blade (steaks), separable lean and fat,with added solution, raw",dravya.pork,M1,pork,0,
5896,"Pork, fresh, shoulder, (Boston butt), blade (steaks), separable lean and fat, with added solution, cooked, braised",dravya.pork,M1,pork,0,
5897,"Pork, cured, ham, rump, bone-in, separable lean and fat, unheated",dravya.pork,M1,pork,0,
5898,"Pork, loin, leg cap steak, boneless, separable lean and fat, cooked, broiled",dravya.pork,M1,pork,0,
5899,"Pork, Shoulder petite tender, boneless, separable lean and fat, raw",dravya.pork,M1,pork,0,
5900,"Pork, Leg sirloin tip roast, boneless, separable lean and fat, cooked, braised",dravya.pork,M1,pork,0,
5901,"Pork, Leg sirloin tip roast, boneless, separable lean and fat, raw",dravya.pork,M1,pork,0,
5902,"Pork, ground, 84% lean / 16% fat, raw",dravya.pork,M1,pork,0,
5903,"Pork, ground, 72% lean / 28% fat, cooked, pan-broiled",dravya.pork,M1,pork,0,
5904,"Pork, ground, 84% lean / 16% fat, cooked, pan-broiled",dravya.pork,M1,pork,0,
5905,"Pork, ground, 96% lean / 4% fat, cooked, pan-broiled",dravya.pork,M1,pork,0,
5908,"Pork, fresh, loin, country-style ribs, separable lean only, bone-in, cooked, broiled",dravya.pork,M1,pork,0,
5909,"Pork, fresh, loin, country-style ribs, separable lean only, boneless, cooked, roasted",dravya.pork,M1,pork,0,
5910,"Pork, fresh, blade, (chops), boneless, separable lean and fat, cooked, broiled",dravya.pork,M1,pork,0,
5911,"Pork, fresh, loin, blade (chops or roasts), boneless, separable lean and fat only, raw",dravya.pork,M1,pork,0,
5920,"Asparagus, cooked, boiled, drained",dravya.asparagus,M1,asparagus,0,
5927,"Corn, sweet, yellow, canned, drained solids, rinsed with tap water",dravya.corn,M1,corn,0,
5928,"Corn, sweet, yellow, frozen, kernels cut off cob, unprepared (Includes foods for USDA's Food Distribution Program)",dravya.corn,M1,corn,0,
5929,"Corn, sweet, yellow, frozen, kernels cut off cob, boiled, drained, without salt",dravya.corn,M1,corn,0,
5930,"Corn, sweet, yellow, frozen, kernels on cob, unprepared",dravya.corn,M1,corn,0,
5931,"Corn, sweet, yellow, frozen, kernels on cob, cooked, boiled, drained, without salt",dravya.corn,M1,corn,0,
5955,"Kohlrabi, cooked, boiled, drained, without salt",dravya.kohlrabi,M1,kohlrabi,0,
5959,"Lettuce, butterhead (includes boston and bibb types), raw",dravya.lettuce,M1,lettuce,0,
5960,"Lotus root, cooked, boiled, drained, without salt",dravya.lotus-root,M1,lotus root,0,
5961,"Lettuce, red leaf, raw",dravya.lettuce,M1,lettuce,0,
5976,Potato flour,dravya.potato,M2,potato,0,
5977,"Pumpkin leaves, cooked, boiled, drained, without salt",dravya.pumpkin,M2,pumpkin,0,
5979,"Pumpkin, cooked, boiled, drained, without salt",dravya.pumpkin,M1,pumpkin,0,
5980,"Pumpkin, canned, without salt",dravya.pumpkin,M1,pumpkin,0,
5993,"Spinach, cooked, boiled, drained, without salt",dravya.spinach,M1,spinach,0,
6013,"Sweet potato, cooked, baked in skin, flesh, without salt",dravya.sweet-potato,M1,sweet potato,1,dravya.potato
6014,"Sweet potato, cooked, boiled, without skin",dravya.sweet-potato,M1,sweet potato,1,dravya.potato
6015,"Sweet potato, canned, vacuum pack",dravya.sweet-potato,M1,sweet potato,1,dravya.potato
6022,"Amaranth leaves, cooked, boiled, drained, with salt",dravya.amaranth-leaves,M1,amaranth leaves,0,
6024,"Asparagus, frozen, cooked, boiled, drained, with salt",dravya.asparagus,M1,asparagus,0,
6038,"Beet greens, cooked, boiled, drained, with salt",dravya.beet-greens,M1,beet greens,0,
6040,"Broccoli, cooked, boiled, drained, with salt",dravya.broccoli,M1,broccoli,0,
6041,"Broccoli, frozen, chopped, cooked, boiled, drained, with salt",dravya.broccoli,M1,broccoli,0,
6042,"Broccoli, frozen, spears, cooked, boiled, drained, with salt",dravya.broccoli,M1,broccoli,0,
6044,"Cabbage, common, cooked, boiled, drained, with salt",dravya.cabbage,M1,cabbage,0,
6045,"Cabbage, red, cooked, boiled, drained, with salt",dravya.cabbage,M1,cabbage,0,
6046,"Cabbage, savoy, cooked, boiled, drained, with salt",dravya.cabbage,M1,cabbage,0,
6047,"Cabbage, chinese (pak-choi), cooked, boiled, drained, with salt",dravya.cabbage,M1,cabbage,0,
6050,"Cauliflower, cooked, boiled, drained, with salt",dravya.cauliflower,M1,cauliflower,0,
6051,"Cauliflower, frozen, cooked, boiled, drained, with salt",dravya.cauliflower,M1,cauliflower,0,
6055,"Corn, sweet, yellow, cooked, boiled, drained, with salt",dravya.corn,M1,corn,0,
6062,"Drumstick pods, cooked, boiled, drained, with salt",dravya.drumstick,M1,drumstick pods,0,
6066,"Lotus root, cooked, boiled, drained, with salt",dravya.lotus-root,M1,lotus root,0,
6069,"Corn, sweet, white, cooked, boiled, drained, without salt",dravya.corn,M1,corn,0,
6070,"Corn, sweet, white, cooked, boiled, drained, with salt",dravya.corn,M1,corn,0,
6071,"Corn, sweet, white, canned, whole kernel, regular pack, solids and liquids",dravya.corn,M1,corn,0,
6072,"Corn, sweet, white, canned, vacuum pack, regular pack",dravya.corn,M1,corn,0,
6073,"Corn, sweet, white, canned, vacuum pack, no salt added",dravya.corn,M1,corn,0,
6074,"Corn, sweet, white, frozen, kernels cut off cob, unprepared",dravya.corn,M1,corn,0,
6075,"Corn, sweet, white, frozen, kernels cut off cob, boiled, drained, without salt",dravya.corn,M1,corn,0,
6102,"Cabbage, napa, cooked",dravya.cabbage,M1,cabbage,0,
6412,"Quinoa, cooked",dravya.quinoa,M1,quinoa,0,
6415,"Corn grain, white",dravya.corn,M2,corn,0,
6416,"Corn flour, whole-grain, blue (harina de maiz morado)",dravya.corn,M2,corn,0,
6438,"Sorghum flour, whole-grain",dravya.jowar,M2,sorghum,0,
6538,"Pork, oriental style, dehydrated",dravya.pork,M1,pork,0,
6539,"Soybean, curd cheese",dravya.soybean,M1,soybean,0,
6554,"Orange juice, raw (Includes foods for USDA's Food Distribution Program)",dravya.orange-juice,M1,orange juice,1,dravya.orange
6555,"Orange juice, canned, unsweetened",dravya.orange-juice,M1,orange juice,1,dravya.orange
6556,"Orange juice, chilled, includes from concentrate",dravya.orange-juice,M1,orange juice,1,dravya.orange
6557,"Orange juice, chilled, includes from concentrate, with added calcium and vitamin D",dravya.orange-juice,M1,orange juice,1,dravya.orange
6558,"Orange juice, frozen concentrate, unsweetened, diluted with 3 volume water",dravya.orange-juice,M1,orange juice,1,dravya.orange
6581,"Pineapple, canned, water pack, solids and liquids",dravya.pineapple,M1,pineapple,0,
6582,"Pineapple, canned, juice pack, solids and liquids",dravya.pineapple,M1,pineapple,0,
6583,"Pineapple, canned, light syrup pack, solids and liquids",dravya.pineapple,M1,pineapple,0,
6584,"Pineapple juice, frozen concentrate, unsweetened, diluted with 3 volume water",dravya.pineapple,M2,pineapple,0,
6604,"Pork, cured, ham -- water added, whole, boneless, separable lean only, heated, roasted",dravya.pork,M1,pork,0,
6605,"Pork, cured, ham -- water added, whole, boneless, separable lean only, unheated",dravya.pork,M1,pork,0,
6606,"Pork, cured, ham and water product, shank, bone-in, separable lean only, heated, roasted",dravya.pork,M1,pork,0,
6607,"Pork, cured, ham -- water added, slice, bone-in, separable lean only, unheated",dravya.pork,M1,pork,0,
6608,"Pork, cured, ham and water product, rump, bone-in, separable lean only, unheated",dravya.pork,M1,pork,0,
6609,"Pork, cured, ham and water product, slice, bone-in, separable lean only, unheated",dravya.pork,M1,pork,0,
6610,"Pork, cured, ham and water product, shank, bone-in, unheated, separable lean only",dravya.pork,M1,pork,0,
6611,"Pork, cured, ham, separable fat, boneless, heated",dravya.pork,M1,pork,0,
6612,"Pork, cured, ham, separable fat, boneless, unheated",dravya.pork,M1,pork,0,
6613,"Pork, pickled pork hocks",dravya.pork,M1,pork,0,
6614,"Pork, cured, ham, slice, bone-in, separable lean only, heated, pan-broil",dravya.pork,M1,pork,0,
6615,"Pork, cured, ham with natural juices, whole, boneless, separable lean and fat, unheated",dravya.pork,M1,pork,0,
6616,"Pork, cured, ham and water product, whole, boneless, separable lean and fat, unheated",dravya.pork,M1,pork,0,
6617,"Pork, cured, ham and water product, slice, bone-in, separable lean and fat, unheated",dravya.pork,M1,pork,0,
6618,"Pork, cured, ham and water product, shank, bone-in, separable lean and fat, unheated",dravya.pork,M1,pork,0,
6619,"Pork, cured, ham and water product, rump, bone-in, separable lean and fat, unheated",dravya.pork,M1,pork,0,
6620,"Pork, cured, ham -- water added, rump, bone-in, separable lean and fat, heated, roasted",dravya.pork,M1,pork,0,
6621,"Pork, cured, ham -- water added, shank, bone-in, separable lean and fat, heated, roasted",dravya.pork,M1,pork,0,
6622,"Pork, cured, ham -- water added, slice, bone-in, separable lean and fat, heated, pan-broil",dravya.pork,M1,pork,0,
6623,"Pork, cured, ham -- water added, slice, boneless, separable lean and fat, heated, pan-broil",dravya.pork,M1,pork,0,
6624,"Pork, cured, ham and water product, slice, boneless, separable lean and fat, heated, pan-broil",dravya.pork,M1,pork,0,
6625,"Pork, cured, ham and water product, whole, boneless, separable lean and fat, heated, roasted",dravya.pork,M1,pork,0,
6626,"Pork, cured, ham with natural juices, rump, bone-in, separable lean and fat, heated, roasted",dravya.pork,M1,pork,0,
6627,"Pork, cured, ham with natural juices, shank, bone-in, separable lean and fat, heated, roasted",dravya.pork,M1,pork,0,
6628,"Pork, cured, ham with natural juices, slice, bone-in, separable lean and fat, heated, pan-broil",dravya.pork,M1,pork,0,
6629,"Pork, cured, ham, rump, bone-in, separable lean only, heated, roasted",dravya.pork,M1,pork,0,
6630,"Pork, cured, ham, rump, bone-in, separable lean only, unheated",dravya.pork,M1,pork,0,
6631,"Pork, cured, ham, shank, bone-in, separable lean only, heated, roasted",dravya.pork,M1,pork,0,
6632,"Pork, cured, ham, shank, bone-in, separable lean only, unheated",dravya.pork,M1,pork,0,
6633,"Pork, cured, ham, slice, bone-in, separable lean and fat, unheated",dravya.pork,M1,pork,0,
6634,"Pork, fresh, spareribs, separable lean and fat, cooked, roasted",dravya.pork,M1,pork,0,
6635,"Pork, fresh, composite of separable fat, with added solution, raw",dravya.pork,M1,pork,0,
6636,"Pork, fresh, loin, tenderloin, separable lean only, with added solution, cooked, roasted",dravya.pork,M1,pork,0,
6637,"Pork, fresh, loin, top loin (chops), boneless, separable lean only, with added solution, raw",dravya.pork,M1,pork,0,
6638,"Pork, fresh, loin, top loin (chops), boneless, separable lean and fat, with added solution, raw",dravya.pork,M1,pork,0,
6639,"Pork, fresh, loin, top loin (chops), boneless, separable lean and fat, with added solution, cooked, broiled",dravya.pork,M1,pork,0,
6640,"Pork, fresh, loin, tenderloin, separable lean and fat, with added solution, raw",dravya.pork,M1,pork,0,
6641,"Pork, fresh, loin, tenderloin, separable lean and fat, with added solution, cooked, roasted",dravya.pork,M1,pork,0,
6642,"Pork, Leg Cap Steak, boneless, separable lean and fat, raw",dravya.pork,M1,pork,0,
6643,"Pork, Shoulder breast, boneless, separable lean and fat, raw",dravya.pork,M1,pork,0,
6644,"Pork, Shoulder breast, boneless, separable lean and fat, cooked, broiled",dravya.pork,M1,pork,0,
6645,"Pork, shoulder, petite tender, boneless, separable lean and fat, cooked, broiled",dravya.pork,M1,pork,0,
6646,"Pork, ground, 96% lean / 4% fat, raw",dravya.pork,M1,pork,0,
6647,"Pork, ground, 72% lean / 28% fat, cooked, crumbles",dravya.pork,M1,pork,0,
6648,"Pork, ground, 84% lean / 16% fat, cooked, crumbles",dravya.pork,M1,pork,0,
6649,"Pork, ground, 96% lean / 4% fat, cooked, crumbles",dravya.pork,M1,pork,0,
6650,"Pork, fresh, loin, blade (chops or roasts), boneless, separable lean only, raw",dravya.pork,M1,pork,0,
6651,"Pork, fresh, loin, blade (roasts), boneless, separable lean only, cooked, roasted",dravya.pork,M1,pork,0,
6652,"Pork, fresh, loin, blade (chops), boneless, separable lean only, boneless, cooked, broiled",dravya.pork,M1,pork,0,
6653,"Pork, fresh, loin, country-style ribs, separable lean only, boneless, cooked, broiled",dravya.pork,M1,pork,0,
6654,"Pork, fresh, loin, blade (roasts), boneless, separable lean and fat, cooked, roasted",dravya.pork,M1,pork,0,
6655,"Pork, fresh, loin, country-style ribs, separable lean and fat, boneless, cooked, broiled",dravya.pork,M1,pork,0,
6656,"Pork, fresh, loin, country-style ribs, separable lean and fat, bone-in, cooked, broiled",dravya.pork,M1,pork,0,
6657,"Pork, fresh, loin, country-style ribs, separable lean and fat, boneless, cooked, roasted",dravya.pork,M1,pork,0,
6658,"Amaranth leaves, cooked, boiled, drained, without salt",dravya.amaranth-leaves,M1,amaranth leaves,0,
6662,"Asparagus, canned, regular pack, solids and liquids",dravya.asparagus,M1,asparagus,0,
6663,"Asparagus, canned, drained solids",dravya.asparagus,M1,asparagus,0,
6664,"Asparagus, frozen, unprepared",dravya.asparagus,M1,asparagus,0,
6665,"Asparagus, frozen, cooked, boiled, drained, without salt",dravya.asparagus,M1,asparagus,0,
6670,"Corn, sweet, yellow, canned, whole kernel, drained solids",dravya.corn,M1,corn,0,
6671,"Corn, sweet, yellow, canned, cream style, regular pack",dravya.corn,M1,corn,0,
6672,"Corn, sweet, yellow, canned, vacuum pack, regular pack",dravya.corn,M1,corn,0,
6673,"Corn, yellow, whole kernel, frozen, microwaved",dravya.corn,M1,corn,0,
6681,"Cucumber, peeled, raw",dravya.cucumber,M1,cucumber,0,
6683,"Dandelion greens, cooked, boiled, drained, without salt",dravya.dandelion-greens,M1,dandelion greens,0,
6685,"Eggplant, cooked, boiled, drained, without salt",dravya.eggplant,M1,eggplant,0,
6694,"Kale, cooked, boiled, drained, without salt",dravya.kale,M1,kale,0,
6695,"Kale, frozen, unprepared",dravya.kale,M1,kale,0,
6696,"Kale, frozen, cooked, boiled, drained, without salt",dravya.kale,M1,kale,0,
6704,"Lettuce, iceberg (includes crisphead types), raw",dravya.lettuce,M1,lettuce,0,
6705,"Lettuce, green leaf, raw",dravya.lettuce,M1,lettuce,0,
6713,"Mustard greens, cooked, boiled, drained, without salt",dravya.mustard-greens,M1,mustard greens,0,
6714,"Mustard greens, frozen, unprepared",dravya.mustard-greens,M1,mustard greens,0,
6715,"Mustard greens, frozen, cooked, boiled, drained, without salt",dravya.mustard-greens,M1,mustard greens,0,
6717,"Okra, cooked, boiled, drained, without salt",dravya.okra,M1,okra,0,
6718,"Okra, frozen, unprepared",dravya.okra,M1,okra,0,
6719,"Okra, frozen, cooked, boiled, drained, without salt",dravya.okra,M1,okra,0,
6728,"Pumpkin leaves, raw",dravya.pumpkin,M2,pumpkin,0,
6731,"Purslane, cooked, boiled, drained, without salt",dravya.purslane,M1,purslane,0,
6741,"Spinach, canned, regular pack, solids and liquids",dravya.spinach,M1,spinach,0,
6742,"Spinach, canned, regular pack, drained solids",dravya.spinach,M1,spinach,0,
6743,"Spinach, frozen, chopped or leaf, unprepared (Includes foods for USDA's Food Distribution Program)",dravya.spinach,M1,spinach,0,
6744,"Spinach, frozen, chopped or leaf, cooked, boiled, drained, without salt",dravya.spinach,M1,spinach,0,
6759,"Sweet potato leaves, raw",dravya.potato,M2,potato,0,
6760,"Sweet potato leaves, cooked, steamed, without salt",dravya.potato,M2,potato,0,
6761,"Sweet potato, canned, mashed",dravya.sweet-potato,M1,sweet potato,1,dravya.potato
6762,"Sweet potato, frozen, unprepared (Includes foods for USDA's Food Distribution Program)",dravya.sweet-potato,M1,sweet potato,1,dravya.potato
6763,"Sweet potato, frozen, cooked, baked, without salt",dravya.sweet-potato,M1,sweet potato,1,dravya.potato
6769,"Asparagus, cooked, boiled, drained, with salt",dravya.asparagus,M1,asparagus,0,
6770,"Asparagus, canned, no salt added, solids and liquids",dravya.asparagus,M1,asparagus,0,
6785,"Broccoli, leaves, raw",dravya.broccoli,M1,broccoli,0,
6786,"Broccoli, flower clusters, raw",dravya.broccoli,M1,broccoli,0,
6787,"Broccoli, stalks, raw",dravya.broccoli,M1,broccoli,0,
6791,"Cabbage, common (danish, domestic, and pointed types), freshly harvest, raw",dravya.cabbage,M1,cabbage,0,
6792,"Cabbage, common (danish, domestic, and pointed types), stored, raw",dravya.cabbage,M1,cabbage,0,
6793,"Cabbage, chinese (pe-tsai), cooked, boiled, drained, with salt",dravya.cabbage,M1,cabbage,0,
6798,"Celery, cooked, boiled, drained, with salt",dravya.celery,M1,celery,0,
6799,"Chard, swiss, cooked, boiled, drained, with salt",dravya.swiss-chard,M1,chard,0,
6800,"Chayote, fruit, cooked, boiled, drained, with salt",dravya.chayote,M1,chayote,0,
6801,"Corn, sweet, yellow, canned, no salt added, solids and liquids (Includes foods for USDA's Food Distribution Program)",dravya.corn,M1,corn,0,
6802,"Corn, sweet, yellow, canned, cream style, no salt added",dravya.corn,M1,corn,0,
6803,"Corn, sweet, yellow, canned, vacuum pack, no salt added",dravya.corn,M1,corn,0,
6804,"Corn, sweet, yellow, frozen, kernels, cut off cob, boiled, drained, with salt",dravya.corn,M1,corn,0,
6805,"Corn, sweet, yellow, frozen, kernels on cob, cooked, boiled, drained, with salt",dravya.corn,M1,corn,0,
6807,"Dandelion greens, cooked, boiled, drained, with salt",dravya.dandelion-greens,M1,dandelion greens,0,
6808,"Eggplant, cooked, boiled, drained, with salt",dravya.eggplant,M1,eggplant,0,
6811,"Kale, cooked, boiled, drained, with salt",dravya.kale,M1,kale,0,
6812,"Kale, frozen, cooked, boiled, drained, with salt",dravya.kale,M1,kale,0,
6813,"Kohlrabi, cooked, boiled, drained, with salt",dravya.kohlrabi,M1,kohlrabi,0,
6816,"Corn, sweet, white, canned, whole kernel, no salt added, solids and liquids",dravya.corn,M1,corn,0,
6817,"Corn, sweet, white, canned, whole kernel, drained solids",dravya.corn,M1,corn,0,
6818,"Corn, sweet, white, canned, cream style, regular pack",dravya.corn,M1,corn,0,
6819,"Corn, sweet, white, canned, cream style, no salt added",dravya.corn,M1,corn,0,
6820,"Corn, sweet, white, frozen, kernels cut off cob, boiled, drained, with salt",dravya.corn,M1,corn,0,
6821,"Corn, sweet, white, frozen, kernels on cob, unprepared",dravya.corn,M1,corn,0,
6822,"Corn, sweet, white, frozen, kernels on cob, cooked, boiled, drained, without salt",dravya.corn,M1,corn,0,
6823,"Corn, sweet, white, frozen, kernels on cob, cooked, boiled, drained, with salt",dravya.corn,M1,corn,0,
6845,"Cauliflower, green, raw",dravya.cauliflower,M1,cauliflower,0,
6846,"Cauliflower, green, cooked, no salt added",dravya.cauliflower,M1,cauliflower,0,
6847,"Cauliflower, green, cooked, with salt",dravya.cauliflower,M1,cauliflower,0,
6859,"Broccoli, chinese, raw",dravya.broccoli,M1,broccoli,0,
7115,"Corn flour, masa, enriched, white",dravya.corn,M2,corn,0,
7116,"Corn flour, yellow, degermed, unenriched",dravya.corn,M2,corn,0,
7117,"Corn flour, masa, unenriched, white",dravya.corn,M2,corn,0,
7126,Oats (Includes foods for USDA's Food Distribution Program),dravya.oats,M1,oats,0,
7135,"Rice flour, white, unenriched",dravya.rice-flour,M1,rice flour,0,
7136,"Semolina, enriched",dravya.semolina,M1,semolina,0,
7169,"Corn flour, whole-grain, white",dravya.corn,M2,corn,0,
7170,"Corn flour, yellow, masa, enriched",dravya.corn,M2,corn,0,
7186,"Ginger root, pickled, canned, with artificial sweetener",dravya.ginger-fresh,M1,ginger root,0,
7222,"Salmon, red (sockeye), filets with skin, smoked (Alaska Native)",dravya.salmon,M1,salmon,0,
7271,"Vermicelli, made from soy",dravya.vermicelli,M1,vermicelli,0,
7273,"Chicken, meatless",dravya.broiler-chicken,M1,chicken,0,
7277,"Cabbage, japanese style, fresh, pickled",dravya.cabbage,M1,cabbage,0,
7278,"Cabbage, mustard, salted",dravya.cabbage,M1,cabbage,0,
7279,"Eggplant, pickled",dravya.eggplant,M1,eggplant,0,
7293,"Pork, cured, ham, boneless, low sodium, extra lean and regular, roasted",dravya.pork,M1,pork,0,
7307,"Orange juice, chilled, includes from concentrate, with added calcium",dravya.orange-juice,M1,orange juice,1,dravya.orange
7308,"Orange juice, frozen concentrate, unsweetened, diluted with 3 volume water, with added calcium",dravya.orange-juice,M1,orange juice,1,dravya.orange
7309,"Orange juice, frozen concentrate, unsweetened, undiluted, with added calcium",dravya.orange-juice,M1,orange juice,1,dravya.orange
7310,"Orange juice, frozen concentrate, unsweetened, undiluted",dravya.orange-juice,M1,orange juice,1,dravya.orange
7314,"Papaya, canned, heavy syrup, drained",dravya.papaya,M1,papaya,0,
7331,"Pineapple, canned, heavy syrup pack, solids and liquids",dravya.pineapple,M1,pineapple,0,
7332,"Pineapple, canned, extra heavy syrup pack, solids and liquids",dravya.pineapple,M1,pineapple,0,
7333,"Pineapple, frozen, chunks, sweetened",dravya.pineapple,M1,pineapple,0,
7334,"Pineapple juice, canned or bottled, unsweetened, without added ascorbic acid",dravya.pineapple,M2,pineapple,0,
7335,"Pineapple juice, frozen concentrate, unsweetened, undiluted",dravya.pineapple,M2,pineapple,0,
7354,"Broccoli, cooked, boiled, drained, without salt",dravya.broccoli,M1,broccoli,0,
7355,"Broccoli, frozen, chopped, unprepared",dravya.broccoli,M1,broccoli,0,
7356,"Broccoli, frozen, chopped, cooked, boiled, drained, without salt",dravya.broccoli,M1,broccoli,0,
7357,"Broccoli, frozen, spears, unprepared (Includes foods for USDA's Food Distribution Program)",dravya.broccoli,M1,broccoli,0,
7363,"Cabbage, cooked, boiled, drained, without salt",dravya.cabbage,M1,cabbage,0,
7364,"Cabbage, red, raw",dravya.cabbage,M1,cabbage,0,
7365,"Cabbage, red, cooked, boiled, drained, without salt",dravya.cabbage,M1,cabbage,0,
7366,"Cabbage, chinese (pe-tsai), raw",dravya.cabbage,M1,cabbage,0,
7367,"Cabbage, chinese (pe-tsai), cooked, boiled, drained, without salt",dravya.cabbage,M1,cabbage,0,
7376,"Celery, cooked, boiled, drained, without salt",dravya.celery,M1,celery,0,
7385,"Corn, sweet, yellow, raw",dravya.corn,M1,corn,0,
7386,"Corn, sweet, yellow, cooked, boiled, drained, without salt",dravya.corn,M1,corn,0,
7459,"Yam, cooked, boiled, drained, or baked, without salt",dravya.yam,M1,yam,0,
7470,"Sweet potato, canned, syrup pack, solids and liquids",dravya.sweet-potato,M1,sweet potato,1,dravya.potato
7471,"Sweet potato, canned, syrup pack, drained solids",dravya.sweet-potato,M1,sweet potato,1,dravya.potato
7475,"Sweet potato, cooked, candied, home-prepared",dravya.sweet-potato,M1,sweet potato,1,dravya.potato
7482,"Radish seeds, sprouted, raw",dravya.radish,M2,radish,0,
7485,"Okra, cooked, boiled, drained, with salt",dravya.okra,M1,okra,0,
7486,"Okra, frozen, cooked, boiled, drained, with salt",dravya.okra,M1,okra,0,
7506,"Pumpkin, flowers, cooked, boiled, drained, with salt",dravya.pumpkin,M1,pumpkin,0,
7507,"Pumpkin leaves, cooked, boiled, drained, with salt",dravya.pumpkin,M2,pumpkin,0,
7508,"Purslane, cooked, boiled, drained, with salt",dravya.purslane,M1,purslane,0,
7510,"Spinach, canned, no salt added, solids and liquids",dravya.spinach,M1,spinach,0,
7511,"Spinach, frozen, chopped or leaf, cooked, boiled, drained, with salt",dravya.spinach,M1,spinach,0,
7520,"Sweet potato leaves, cooked, steamed, with salt",dravya.potato,M2,potato,0,
7521,"Sweet potato, cooked, baked in skin, flesh, with salt",dravya.sweet-potato,M1,sweet potato,1,dravya.potato
7531,"Seeds, breadfruit seeds, raw",dravya.breadfruit,M2,breadfruit,0,
7532,"Seeds, breadfruit seeds, boiled",dravya.breadfruit,M2,breadfruit,0,
7536,"Seeds, lotus seeds, dried",dravya.lotus-seed,M1,lotus seeds,0,
7538,"Seeds, sesame seeds, whole, roasted and toasted",dravya.sesame-seed,M1,sesame seeds,0,
7547,"Nuts, almond paste",dravya.almond,M2,almond,0,
7656,"Barley, pearled, cooked",dravya.barley,M1,barley,0,
7661,"Corn flour, whole-grain, yellow",dravya.corn,M2,corn,0,
7693,"Beet greens, cooked, boiled, drained, without salt",dravya.beet-greens,M1,beet greens,0,
7697,"Broccoli, frozen, spears, cooked, boiled, drained, without salt",dravya.broccoli,M1,broccoli,0,
7705,"Cabbage, savoy, raw",dravya.cabbage,M1,cabbage,0,
7706,"Cabbage, savoy, cooked, boiled, drained, without salt",dravya.cabbage,M1,cabbage,0,
7707,"Cabbage, chinese (pak-choi), raw",dravya.cabbage,M1,cabbage,0,
7708,"Cabbage, chinese (pak-choi), cooked, boiled, drained, without salt",dravya.cabbage,M1,cabbage,0,
7709,"Cabbage, kimchi",dravya.cabbage,M1,cabbage,0,
7714,"Cauliflower, cooked, boiled, drained, without salt",dravya.cauliflower,M1,cauliflower,0,
7715,"Cauliflower, frozen, unprepared",dravya.cauliflower,M1,cauliflower,0,
7716,"Cauliflower, frozen, cooked, boiled, drained, without salt",dravya.cauliflower,M1,cauliflower,0,
7718,"Chard, swiss, cooked, boiled, drained, without salt",dravya.swiss-chard,M1,chard,0,
7720,"Chayote, fruit, cooked, boiled, drained, without salt",dravya.chayote,M1,chayote,0,
7726,"Corn, sweet, yellow, canned, brine pack, regular pack, solids and liquids",dravya.corn,M1,corn,0,
7775,"Tomato juice, canned, with salt added",dravya.tomato,M2,tomato,0,
7778,Tomato powder,dravya.tomato,M2,tomato,0,
7795,"Winged bean leaves, raw",dravya.winged-bean,M2,winged bean,0,
7801,"Drumstick pods, cooked, boiled, drained, without salt",dravya.drumstick,M1,drumstick pods,0,
7808,"Carrot juice, canned",dravya.carrot-juice,M1,carrot juice,1,dravya.carrot
7817,"Carrot, dehydrated",dravya.carrot,M1,carrot,0,
7820,"Mustard greens, cooked, boiled, drained, with salt",dravya.mustard-greens,M1,mustard greens,0,
7821,"Mustard greens, frozen, cooked, boiled, drained, with salt",dravya.mustard-greens,M1,mustard greens,0,
7843,"Pumpkin, cooked, boiled, drained, with salt",dravya.pumpkin,M1,pumpkin,0,
7844,"Pumpkin, canned, with salt",dravya.pumpkin,M1,pumpkin,0,
7848,"Spinach, cooked, boiled, drained, with salt",dravya.spinach,M1,spinach,0,
7858,"Sweet potato, cooked, boiled, without skin, with salt",dravya.sweet-potato,M1,sweet potato,1,dravya.potato
7859,"Sweet potato, frozen, cooked, baked, with salt",dravya.sweet-potato,M1,sweet potato,1,dravya.potato
7862,"Tomato juice, canned, without salt added",dravya.tomato,M2,tomato,0,
7867,"Winged bean, immature seeds, cooked, boiled, drained, with salt",dravya.winged-bean,M1,winged bean,0,
7868,"Yam, cooked, boiled, drained, or baked, with salt",dravya.yam,M1,yam,0,
7911,"Seeds, breadfruit seeds, roasted",dravya.breadfruit,M2,breadfruit,0,
7983,"Amaranth grain, cooked",dravya.amaranth-grain,M1,amaranth grain,0,
7984,Arrowroot flour,dravya.arrowroot,M2,arrowroot,0,
7987,"Buckwheat flour, whole-groat",dravya.buckwheat,M2,buckwheat,0,
8118,"Whey, acid, fluid",dravya.whey,M1,whey,0,
8125,"Egg, whole, raw, frozen, salted, pasteurized",dravya.chicken-egg,M1,egg,0,
8127,"Egg, white, dried, stabilized, glucose reduced",dravya.chicken-egg,M1,egg,0,
8145,"Spices, celery seed",dravya.celery-seed,M1,celery seed,1,dravya.celery
8152,"Spices, mace, ground",dravya.mace,M1,mace,0,
8153,"Spices, marjoram, dried",dravya.marjoram,M1,marjoram,0,
8160,"Spices, sage, ground",dravya.sage,M1,sage,0,
8224,"Oil, soybean, salad or cooking, (partially hydrogenated)",dravya.soybean,M1,soybean,0,
8241,"Oil, corn, industrial and retail, all purpose salad or cooking",dravya.corn,M1,corn,0,
8257,"Chicken, broilers or fryers, meat and skin and giblets and neck, raw",dravya.broiler-chicken,M1,chicken,0,
8258,"Chicken, broilers or fryers, meat and skin and giblets and neck, cooked, fried, batter",dravya.broiler-chicken,M1,chicken,0,
8259,"Chicken, broilers or fryers, meat and skin and giblets and neck, cooked, fried, flour",dravya.broiler-chicken,M1,chicken,0,
8260,"Chicken, broilers or fryers, meat and skin and giblets and neck, roasted",dravya.broiler-chicken,M1,chicken,0,
8261,"Chicken, broilers or fryers, meat and skin, cooked, stewed",dravya.broiler-chicken,M1,chicken,0,
8263,"Chicken, broilers or fryers, meat only, cooked, fried",dravya.broiler-chicken,M1,chicken,0,
8264,"Chicken, broilers or fryers, meat only, cooked, roasted",dravya.broiler-chicken,M1,chicken,0,
8265,"Chicken, broilers or fryers, skin only, cooked, roasted",dravya.broiler-chicken,M1,chicken,0,
8266,"Chicken, broilers or fryers, skin only, cooked, stewed",dravya.broiler-chicken,M1,chicken,0,
8267,"Chicken, broilers or fryers, giblets, raw",dravya.broiler-chicken,M1,chicken,0,
8268,"Chicken, broilers or fryers, giblets, cooked, fried",dravya.broiler-chicken,M1,chicken,0,
8269,"Chicken, heart, all classes, cooked, simmered",dravya.broiler-chicken,M1,chicken,0,
8270,"Chicken, liver, all classes, raw",dravya.broiler-chicken,M1,chicken,0,
8271,"Chicken, liver, all classes, cooked, simmered",dravya.broiler-chicken,M1,chicken,0,
8272,"Chicken, broilers or fryers, light meat, meat and skin, raw",dravya.broiler-chicken,M1,chicken,0,
8273,"Chicken, broilers or fryers, dark meat, meat and skin, cooked, fried, batter",dravya.broiler-chicken,M1,chicken,0,
8274,"Chicken, broilers or fryers, dark meat, meat and skin, cooked, fried, flour",dravya.broiler-chicken,M1,chicken,0,
8275,"Chicken, broilers or fryers, dark meat, meat and skin, cooked, roasted",dravya.broiler-chicken,M1,chicken,0,
8276,"Chicken, broilers or fryers, dark meat, meat and skin, cooked, stewed",dravya.broiler-chicken,M1,chicken,0,
8277,"Chicken, broilers or fryers, dark meat, meat only, raw",dravya.broiler-chicken,M1,chicken,0,
8278,"Chicken, broilers or fryers, dark meat, meat only, cooked, fried",dravya.broiler-chicken,M1,chicken,0,
8279,"Chicken, broilers or fryers, dark meat, meat only, cooked, roasted",dravya.broiler-chicken,M1,chicken,0,
8280,"Chicken, broilers or fryers, dark meat, meat only, cooked, stewed",dravya.broiler-chicken,M1,chicken,0,
8281,"Chicken, broilers or fryers, back, meat and skin, cooked, roasted",dravya.broiler-chicken,M1,chicken,0,
8282,"Chicken, broilers or fryers, back, meat and skin, cooked, stewed",dravya.broiler-chicken,M1,chicken,0,
8283,"Chicken, broilers or fryers, back, meat only, raw",dravya.broiler-chicken,M1,chicken,0,
8284,"Chicken, broilers or fryers, back, meat only, cooked, fried",dravya.broiler-chicken,M1,chicken,0,
8285,"Chicken, broilers or fryers, breast, meat and skin, cooked, roasted",dravya.broiler-chicken,M1,chicken,0,
8286,"Chicken, broilers or fryers, breast, meat and skin, cooked, stewed",dravya.broiler-chicken,M1,chicken,0,
8287,"Chicken, broiler or fryers, breast, skinless, boneless, meat only, raw",dravya.broiler-chicken,M1,chicken,0,
8288,"Chicken, broilers or fryers, breast, meat only, cooked, fried",dravya.broiler-chicken,M1,chicken,0,
8291,"Turkey, whole, meat and skin, raw",dravya.turkey,M1,turkey,0,
8292,"Turkey, whole, skin (light and dark), roasted",dravya.turkey,M1,turkey,0,
8293,"Turkey, whole, giblets, raw",dravya.turkey,M1,turkey,0,
8294,"Turkey, whole, giblets, cooked, simmered",dravya.turkey,M1,turkey,0,
8295,"Turkey, gizzard, all classes, raw",dravya.turkey,M1,turkey,0,
8296,"Turkey, whole, neck, meat only, raw",dravya.turkey,M1,turkey,0,
8297,"Turkey, whole, neck, meat only, cooked, simmered",dravya.turkey,M1,turkey,0,
8298,"Turkey, whole, light meat, meat and skin, raw",dravya.turkey,M1,turkey,0,
8299,"Turkey, whole, light meat, meat and skin, cooked, roasted",dravya.turkey,M1,turkey,0,
8300,"Turkey, whole, dark meat, meat only, raw",dravya.turkey,M1,turkey,0,
8301,"Turkey, whole, dark meat, cooked, roasted",dravya.turkey,M1,turkey,0,
8302,"Turkey, all classes, back, meat and skin, cooked, roasted",dravya.turkey,M1,turkey,0,
8303,"Turkey, all classes, breast, meat and skin, raw",dravya.turkey,M1,turkey,0,
8304,"Turkey, all classes, wing, meat and skin, cooked, roasted",dravya.turkey,M1,turkey,0,
8305,"Turkey, fryer-roasters, meat and skin, cooked, roasted",dravya.turkey,M1,turkey,0,
8306,"Turkey, whole, back, meat only, raw",dravya.turkey,M1,turkey,0,
8307,"Turkey, whole, back, meat only, cooked, roasted",dravya.turkey,M1,turkey,0,
8308,"Turkey, whole, breast, meat only, raw",dravya.turkey,M1,turkey,0,
8309,"Chicken, canned, meat only, with broth",dravya.broiler-chicken,M1,chicken,0,
8311,"Turkey, canned, meat only, with broth",dravya.turkey,M1,turkey,0,
8312,"Turkey, diced, light and dark meat, seasoned",dravya.turkey,M1,turkey,0,
8313,"Turkey sticks, breaded, battered, fried",dravya.turkey,M2,turkey,0,
8317,"Chicken, cornish game hens, meat and skin, cooked, roasted",dravya.broiler-chicken,M1,chicken,0,
8318,"Chicken, cornish game hens, meat only, raw",dravya.broiler-chicken,M1,chicken,0,
8319,"Chicken, cornish game hens, meat only, cooked, roasted",dravya.broiler-chicken,M1,chicken,0,
8320,"Chicken, canned, no broth",dravya.broiler-chicken,M1,chicken,0,
8321,"Chicken, wing, frozen, glazed, barbecue flavored",dravya.broiler-chicken,M1,chicken,0,
8324,"Chicken, broiler, rotisserie, BBQ, drumstick, meat only",dravya.broiler-chicken,M1,chicken,0,
8325,"Chicken, wing, frozen, glazed, barbecue flavored, heated (conventional oven)",dravya.broiler-chicken,M1,chicken,0,
8326,"Chicken, ground, crumbles, cooked, pan-browned",dravya.broiler-chicken,M1,chicken,0,
8327,"Chicken, broiler, rotisserie, BBQ, thigh, meat only",dravya.broiler-chicken,M1,chicken,0,
8328,"Chicken, feet, boiled",dravya.broiler-chicken,M1,chicken,0,
8329,"Chicken, broilers or fryers, rotisserie, original seasoning, thigh, meat only, cooked",dravya.broiler-chicken,M1,chicken,0,
8330,"Chicken, broilers or fryers, rotisserie, original seasoning, wing, meat only, cooked",dravya.broiler-chicken,M1,chicken,0,
8331,"Chicken, broilers or fryers, rotisserie, original seasoning, back, meat and skin, cooked",dravya.broiler-chicken,M1,chicken,0,
8332,"Chicken, broilers or fryers, rotisserie, original seasoning, breast, meat and skin, cooked",dravya.broiler-chicken,M1,chicken,0,
8333,"Chicken, broiler, rotisserie, BBQ, back, meat and skin",dravya.broiler-chicken,M1,chicken,0,
8334,"Chicken, broiler, rotisserie, BBQ, breast, meat and skin",dravya.broiler-chicken,M1,chicken,0,
8335,"Chicken, broiler, rotisserie, BBQ, drumstick, meat and skin",dravya.broiler-chicken,M1,chicken,0,
8336,"Chicken, broiler, rotisserie, BBQ, thigh, meat and skin",dravya.broiler-chicken,M1,chicken,0,
8337,"Turkey, drumstick, from whole bird, meat only, with added solution, roasted",dravya.turkey,M1,turkey,0,
8338,"Turkey, thigh, from whole bird, meat only, with added solution, raw",dravya.turkey,M1,turkey,0,
8339,"Turkey, retail parts, breast, meat and skin, with added solution, raw",dravya.turkey,M1,turkey,0,
8340,"Turkey, thigh, from whole bird, meat only, with added solution, roasted",dravya.turkey,M1,turkey,0,
8341,"Turkey, retail parts, wing, meat and skin, raw",dravya.turkey,M1,turkey,0,
8342,"Turkey, retail parts, wing, meat and skin, cooked, roasted",dravya.turkey,M1,turkey,0,
8343,"Turkey, retail parts, drumstick, meat and skin, raw",dravya.turkey,M1,turkey,0,
8344,"Turkey, retail parts, drumstick, meat and skin, cooked, roasted",dravya.turkey,M1,turkey,0,
8345,"Turkey, drumstick, from whole bird, meat only, raw",dravya.turkey,M1,turkey,0,
8346,"Turkey, retail parts, thigh, meat and skin, cooked, roasted",dravya.turkey,M1,turkey,0,
8347,"Turkey, back, from whole bird, meat and skin, with added solution, raw",dravya.turkey,M1,turkey,0,
8348,"Turkey, back, from whole bird, meat and skin, with added solution, roasted",dravya.turkey,M1,turkey,0,
8349,"Chicken, broiler or fryers, breast, skinless, boneless, meat only, cooked, braised",dravya.broiler-chicken,M1,chicken,0,
8478,"Whey, acid, dried",dravya.whey,M1,whey,0,
8479,"Whey, sweet, fluid",dravya.whey,M1,whey,0,
8480,"Whey, sweet, dried",dravya.whey,M1,whey,0,
8511,"Spices, garlic powder",dravya.garlic,M2,garlic,0,
8513,"Spices, onion powder",dravya.onion,M2,onion,0,
8579,"Oil, soybean, salad or cooking",dravya.soybean,M1,soybean,0,
8595,"Oil, hazelnut",dravya.hazelnut,M1,hazelnut,0,
8607,"Oil, flaxseed, contains added sliced flaxseed",dravya.flaxseed,M1,flaxseed,0,
8610,"Chicken, broiler, rotisserie, BBQ, breast, meat only",dravya.broiler-chicken,M1,chicken,0,
8611,"Chicken, broilers or fryers, meat and skin and giblets and neck, stewed",dravya.broiler-chicken,M1,chicken,0,
8612,"Chicken, broilers or fryers, meat and skin, raw",dravya.broiler-chicken,M1,chicken,0,
8613,"Chicken, broilers or fryers, meat and skin, cooked, fried, batter",dravya.broiler-chicken,M1,chicken,0,
8614,"Chicken, broilers or fryers, meat and skin, cooked, fried, flour",dravya.broiler-chicken,M1,chicken,0,
8615,"Chicken, broilers or fryers, meat and skin, cooked, roasted",dravya.broiler-chicken,M1,chicken,0,
8616,"Chicken, broilers or fryers, meat only, cooked, stewed",dravya.broiler-chicken,M1,chicken,0,
8617,"Chicken, broilers or fryers, skin only, raw",dravya.broiler-chicken,M1,chicken,0,
8618,"Chicken, broilers or fryers, skin only, cooked, fried, batter",dravya.broiler-chicken,M1,chicken,0,
8619,"Chicken, broilers or fryers, skin only, cooked, fried, flour",dravya.broiler-chicken,M1,chicken,0,
8620,"Chicken, broilers or fryers, giblets, cooked, simmered",dravya.broiler-chicken,M1,chicken,0,
8621,"Chicken, gizzard, all classes, raw",dravya.broiler-chicken,M1,chicken,0,
8622,"Chicken, gizzard, all classes, cooked, simmered",dravya.broiler-chicken,M1,chicken,0,
8623,"Chicken, heart, all classes, raw",dravya.broiler-chicken,M1,chicken,0,
8624,"Chicken, broilers or fryers, light meat, meat and skin, cooked, fried, batter",dravya.broiler-chicken,M1,chicken,0,
8625,"Chicken, broilers or fryers, light meat, meat and skin, cooked, fried, flour",dravya.broiler-chicken,M1,chicken,0,
8626,"Chicken, broilers or fryers, light meat, meat and skin, cooked, roasted",dravya.broiler-chicken,M1,chicken,0,
8627,"Chicken, broilers or fryers, light meat, meat and skin, cooked, stewed",dravya.broiler-chicken,M1,chicken,0,
8628,"Chicken, broilers or fryers, dark meat, meat and skin, raw",dravya.broiler-chicken,M1,chicken,0,
8629,"Chicken, broilers or fryers, light meat, meat only, raw",dravya.broiler-chicken,M1,chicken,0,
8630,"Chicken, broilers or fryers, light meat, meat only, cooked, fried",dravya.broiler-chicken,M1,chicken,0,
8631,"Chicken, broilers or fryers, light meat, meat only, cooked, roasted",dravya.broiler-chicken,M1,chicken,0,
8632,"Chicken, broilers or fryers, light meat, meat only, cooked, stewed",dravya.broiler-chicken,M1,chicken,0,
8633,"Chicken, broilers or fryers, separable fat, raw",dravya.broiler-chicken,M1,chicken,0,
8634,"Chicken, broilers or fryers, back, meat and skin, raw",dravya.broiler-chicken,M1,chicken,0,
8635,"Chicken, broilers or fryers, back, meat and skin, cooked, fried, batter",dravya.broiler-chicken,M1,chicken,0,
8636,"Chicken, broilers or fryers, back, meat and skin, cooked, fried, flour",dravya.broiler-chicken,M1,chicken,0,
8637,"Chicken, broilers or fryers, back, meat only, cooked, roasted",dravya.broiler-chicken,M1,chicken,0,
8638,"Chicken, broilers or fryers, back, meat only, cooked, stewed",dravya.broiler-chicken,M1,chicken,0,
8639,"Chicken, broilers or fryers, breast, meat and skin, raw",dravya.broiler-chicken,M1,chicken,0,
8640,"Chicken, broilers or fryers, breast, meat and skin, cooked, fried, batter",dravya.broiler-chicken,M1,chicken,0,
8641,"Chicken, broilers or fryers, breast, meat and skin, cooked, fried, flour",dravya.broiler-chicken,M1,chicken,0,
8642,"Chicken, broilers or fryers, breast, meat only, cooked, roasted",dravya.broiler-chicken,M1,chicken,0,
8643,"Chicken, broilers or fryers, breast, meat only, cooked, stewed",dravya.broiler-chicken,M1,chicken,0,
8644,"Turkey, whole, meat and skin, cooked, roasted",dravya.turkey,M1,turkey,0,
8646,"Turkey, whole, meat only, cooked, roasted",dravya.turkey,M1,turkey,0,
8647,"Turkey, whole, skin (light and dark), raw",dravya.turkey,M1,turkey,0,
8648,"Turkey, all classes, gizzard, cooked, simmered",dravya.turkey,M1,turkey,0,
8649,"Turkey, all classes, heart, raw",dravya.turkey,M1,turkey,0,
8650,"Turkey, all classes, heart, cooked, simmered",dravya.turkey,M1,turkey,0,
8651,"Turkey, all classes, liver, raw",dravya.turkey,M1,turkey,0,
8652,"Turkey, all classes, liver, cooked, simmered",dravya.turkey,M1,turkey,0,
8653,"Turkey, dark meat, meat and skin, raw",dravya.turkey,M1,turkey,0,
8654,"Turkey, whole, dark meat, meat and skin, cooked, roasted",dravya.turkey,M1,turkey,0,
8655,"Turkey, whole, light meat, raw",dravya.turkey,M1,turkey,0,
8656,"Turkey, all classes, light meat, cooked, roasted",dravya.turkey,M1,turkey,0,
8657,"Turkey, all classes, breast, meat and skin, cooked, roasted",dravya.turkey,M1,turkey,0,
8658,"Turkey, all classes, leg, meat and skin, raw",dravya.turkey,M1,turkey,0,
8659,"Turkey, all classes, leg, meat and skin, cooked, roasted",dravya.turkey,M1,turkey,0,
8660,"Turkey, all classes, wing, meat and skin, raw",dravya.turkey,M1,turkey,0,
8661,"Turkey, whole, breast, meat only, cooked, roasted",dravya.turkey,M1,turkey,0,
8662,"Turkey, whole, wing, meat only, raw",dravya.turkey,M1,turkey,0,
8663,"Turkey, whole, wing, meat only, cooked, roasted",dravya.turkey,M1,turkey,0,
8664,"Turkey, young hen, skin only, cooked, roasted",dravya.turkey,M1,turkey,0,
8669,"Turkey, mechanically deboned, from turkey frames, raw",dravya.turkey,M1,turkey,0,
8670,"Turkey, Ground, raw",dravya.turkey,M1,turkey,0,
8671,"Turkey, Ground, cooked",dravya.turkey,M1,turkey,0,
8672,"Chicken, cornish game hens, meat and skin, raw",dravya.broiler-chicken,M1,chicken,0,
8673,"Chicken, wing, frozen, glazed, barbecue flavored, heated (microwave)",dravya.broiler-chicken,M1,chicken,0,
8674,"Chicken, broilers or fryers, breast, skinless, boneless, meat only, with added solution, raw",dravya.broiler-chicken,M1,chicken,0,
8681,"Chicken, broiler, rotisserie, BBQ, wing, meat only",dravya.broiler-chicken,M1,chicken,0,
8682,"Chicken, broilers or fryers, rotisserie, original seasoning, back, meat only, cooked",dravya.broiler-chicken,M1,chicken,0,
8683,"Chicken, broilers or fryers, rotisserie, original seasoning, breast, meat only, cooked",dravya.broiler-chicken,M1,chicken,0,
8684,"Chicken, broilers or fryers, drumstick, rotisserie, original seasoning, meat only, cooked",dravya.broiler-chicken,M1,chicken,0,
8685,"Chicken, broilers or fryers, rotisserie, original seasoning, skin only, cooked",dravya.broiler-chicken,M1,chicken,0,
8686,"Chicken, broilers or fryers,  rotisserie, original seasoning, drumstick, meat and skin, cooked",dravya.broiler-chicken,M1,chicken,0,
8687,"Chicken, broilers or fryers, rotisserie, original seasoning, thigh, meat and skin, cooked",dravya.broiler-chicken,M1,chicken,0,
8688,"Chicken, broilers or fryers, rotisserie, original seasoning, wing, meat and skin, cooked",dravya.broiler-chicken,M1,chicken,0,
8689,"Chicken, broiler, rotisserie, BBQ, skin",dravya.broiler-chicken,M1,chicken,0,
8690,"Turkey, drumstick, from whole bird, meat only, with added solution, raw",dravya.turkey,M1,turkey,0,
8691,"Turkey, wing, from whole bird, meat only, with added solution, raw",dravya.turkey,M1,turkey,0,
8692,"Turkey, wing, from whole bird, meat only, with added solution, roasted",dravya.turkey,M1,turkey,0,
8693,"Turkey, retail parts, breast, meat and skin, raw",dravya.turkey,M1,turkey,0,
8694,"Turkey, retail parts, breast, meat and skin, cooked, roasted",dravya.turkey,M1,turkey,0,
8695,"Turkey, drumstick, from whole bird, meat only, roasted",dravya.turkey,M1,turkey,0,
8696,"Turkey, thigh, from whole bird, meat only, raw",dravya.turkey,M1,turkey,0,
8697,"Turkey, thigh, from whole bird, meat only, roasted",dravya.turkey,M1,turkey,0,
8698,"Turkey, retail parts, thigh, meat and skin, raw",dravya.turkey,M1,turkey,0,
8699,"Chicken, broiler or fryers, breast, skinless, boneless, meat only, cooked, grilled",dravya.broiler-chicken,M1,chicken,0,
8700,"Chicken, broiler or fryers, breast, skinless, boneless, meat only, with added solution, cooked, braised",dravya.broiler-chicken,M1,chicken,0,
8701,"Chicken, broiler or fryers, breast, skinless, boneless, meat only, with added solution, cooked, grilled",dravya.broiler-chicken,M1,chicken,0,
8801,"Cereals, oats, instant, fortified, plain, dry",dravya.oats,M1,oats,0,
8802,"Cereals, oats, instant, fortified, plain, prepared with water (boiling water added or microwaved)",dravya.oats,M1,oats,0,
8803,"Cereals, oats, instant, fortified, with cinnamon and spice, dry",dravya.oats,M1,oats,0,
8810,"Cereals, oats, regular and quick and instant, unenriched, cooked with water (includes boiling and microwaving), with salt",dravya.oats,M1,oats,0,
9061,"Crustaceans, crab, blue, canned",dravya.crab,M1,crab,0,
9062,"Crustaceans, crab, blue, crab cakes, home recipe",dravya.crab,M1,crab,0,
9063,"Crustaceans, crab, dungeness, raw",dravya.crab,M1,crab,0,
9064,"Crustaceans, crab, queen, raw",dravya.crab,M1,crab,0,
9065,"Crustaceans, shrimp, mixed species, cooked, breaded and fried",dravya.prawn,M1,shrimp,0,
9066,"Crustaceans, shrimp, mixed species, cooked, moist heat (may contain additives to retain moisture)",dravya.prawn,M1,shrimp,0,
9067,"Crustaceans, shrimp, mixed species, canned",dravya.prawn,M1,shrimp,0,
9068,"Crustaceans, shrimp, mixed species, imitation, made from surimi",dravya.prawn,M1,shrimp,0,
9080,"Fish, salmon, chinook, smoked, (lox), regular",dravya.salmon,M1,salmon,0,
9081,"Fish, tuna, light, canned in water, without salt, drained solids",dravya.tuna,M1,tuna,0,
9082,"Fish, tuna, white, canned in oil, without salt, drained solids",dravya.tuna,M1,tuna,0,
9083,"Fish, tuna, white, canned in water, without salt, drained solids",dravya.tuna,M1,tuna,0,
9089,"Fish, mackerel, Pacific and jack, mixed species, cooked, dry heat",dravya.mackerel,M1,mackerel,0,
9093,"Fish, salmon, Atlantic, wild, cooked, dry heat",dravya.salmon,M1,salmon,0,
9094,"Fish, salmon, chinook, cooked, dry heat",dravya.salmon,M1,salmon,0,
9095,"Fish, salmon, chum, cooked, dry heat",dravya.salmon,M1,salmon,0,
9096,"Fish, salmon, pink, cooked, dry heat",dravya.salmon,M1,salmon,0,
9100,"Fish, tuna, skipjack, fresh, cooked, dry heat",dravya.tuna,M1,tuna,0,
9101,"Fish, tuna, yellowfin, fresh, cooked, dry heat",dravya.tuna,M1,tuna,0,
9102,"Crustaceans, crab, dungeness, cooked, moist heat",dravya.crab,M1,crab,0,
9103,"Crustaceans, crab, queen, cooked, moist heat",dravya.crab,M1,crab,0,
9234,"Egg, white, raw, fresh",dravya.chicken-egg,M1,egg,0,
9235,"Egg, yolk, raw, fresh",dravya.chicken-egg,M1,egg,0,
9236,"Egg, whole, cooked, omelet",dravya.chicken-egg,M1,egg,0,
9237,"Egg, whole, cooked, poached",dravya.chicken-egg,M1,egg,0,
9238,"Egg, whole, cooked, scrambled",dravya.chicken-egg,M1,egg,0,
9239,"Egg, whole, dried",dravya.chicken-egg,M1,egg,0,
9241,"Egg, goose, whole, fresh, raw",dravya.chicken-egg,M1,egg,0,
9243,"Egg, turkey, whole, fresh, raw",dravya.chicken-egg,M1,egg,0,
9252,"Egg, whole, raw, frozen, pasteurized (Includes foods for USDA's Food Distribution Program)",dravya.chicken-egg,M1,egg,0,
9253,"Egg, white, raw, frozen, pasteurized",dravya.chicken-egg,M1,egg,0,
9254,"Egg, white, dried",dravya.chicken-egg,M1,egg,0,
9285,"Spearmint, dried",dravya.mint,M1,spearmint,0,
9380,"Chicken, broilers or fryers, drumstick, meat and skin, raw",dravya.broiler-chicken,M1,chicken,0,
9381,"Chicken, broilers or fryers, drumstick, meat and skin, cooked, fried, batter",dravya.broiler-chicken,M1,chicken,0,
9382,"Chicken, broilers or fryers, drumstick, meat only, cooked, fried",dravya.broiler-chicken,M1,chicken,0,
9383,"Chicken, broilers or fryers, dark meat, drumstick, meat only, cooked, roasted",dravya.broiler-chicken,M1,chicken,0,
9384,"Chicken, broilers or fryers, drumstick, meat only, cooked, stewed",dravya.broiler-chicken,M1,chicken,0,
9385,"Chicken, broilers or fryers, leg, meat and skin, raw",dravya.broiler-chicken,M1,chicken,0,
9386,"Chicken, broilers or fryers, leg, meat only, cooked, fried",dravya.broiler-chicken,M1,chicken,0,
9387,"Chicken, broilers or fryers, leg, meat only, cooked, roasted",dravya.broiler-chicken,M1,chicken,0,
9388,"Chicken, broilers or fryers, leg, meat only, cooked, stewed",dravya.broiler-chicken,M1,chicken,0,
9389,"Chicken, broilers or fryers, neck, meat and skin, raw",dravya.broiler-chicken,M1,chicken,0,
9390,"Chicken, broilers or fryers, neck, meat only, cooked, fried",dravya.broiler-chicken,M1,chicken,0,
9391,"Chicken, broilers or fryers, neck, meat only, cooked, simmered",dravya.broiler-chicken,M1,chicken,0,
9392,"Chicken, broilers or fryers, thigh, meat and skin, raw",dravya.broiler-chicken,M1,chicken,0,
9393,"Chicken, broilers or fryers, thigh, meat and skin, cooked, fried, batter",dravya.broiler-chicken,M1,chicken,0,
9394,"Chicken, broilers or fryers, thigh, meat only, cooked, fried",dravya.broiler-chicken,M1,chicken,0,
9395,"Chicken, broilers or fryers, thigh, meat only, cooked, roasted",dravya.broiler-chicken,M1,chicken,0,
9396,"Chicken, broilers or fryers, thigh, meat only, cooked, stewed",dravya.broiler-chicken,M1,chicken,0,
9397,"Chicken, broilers or fryers, wing, meat and skin, raw",dravya.broiler-chicken,M1,chicken,0,
9398,"Chicken, broilers or fryers, wing, meat only, cooked, fried",dravya.broiler-chicken,M1,chicken,0,
9399,"Chicken, broilers or fryers, wing, meat only, cooked, roasted",dravya.broiler-chicken,M1,chicken,0,
9400,"Chicken, broilers or fryers, wing, meat only, cooked, stewed",dravya.broiler-chicken,M1,chicken,0,
9401,"Chicken, roasting, meat and skin and giblets and neck, raw",dravya.broiler-chicken,M1,chicken,0,
9402,"Chicken, roasting, meat only, cooked, roasted",dravya.broiler-chicken,M1,chicken,0,
9403,"Chicken, roasting, giblets, raw",dravya.broiler-chicken,M1,chicken,0,
9404,"Chicken, roasting, giblets, cooked, simmered",dravya.broiler-chicken,M1,chicken,0,
9405,"Chicken, roasting, light meat, meat only, raw",dravya.broiler-chicken,M1,chicken,0,
9406,"Chicken, stewing, meat and skin, and giblets and neck, cooked, stewed",dravya.broiler-chicken,M1,chicken,0,
9407,"Chicken, stewing, meat and skin, raw",dravya.broiler-chicken,M1,chicken,0,
9408,"Chicken, stewing, meat and skin, cooked, stewed",dravya.broiler-chicken,M1,chicken,0,
9409,"Chicken, stewing, meat only, raw",dravya.broiler-chicken,M1,chicken,0,
9410,"Chicken, stewing, meat only, cooked, stewed",dravya.broiler-chicken,M1,chicken,0,
9411,"Chicken, stewing, dark meat, meat only, raw",dravya.broiler-chicken,M1,chicken,0,
9412,"Chicken, stewing, dark meat, meat only, cooked, stewed",dravya.broiler-chicken,M1,chicken,0,
9413,"Chicken, capons, meat and skin and giblets and neck, raw",dravya.broiler-chicken,M1,chicken,0,
9414,"Chicken, capons, meat and skin and giblets and neck, cooked, roasted",dravya.broiler-chicken,M1,chicken,0,
9442,"Peanut flour, low fat",dravya.peanut,M2,peanut,1,dravya.peanut-roasted
9470,"Tempeh, cooked",dravya.tempeh,M1,tempeh,0,
9481,"Lamb, composite of trimmed retail cuts, separable lean and fat, trimmed to 1/4"" fat, choice, raw",dravya.lamb,M1,lamb,0,
9482,"Lamb, composite of trimmed retail cuts, separable lean and fat, trimmed to 1/4"" fat, choice, cooked",dravya.lamb,M1,lamb,0,
9483,"Lamb, foreshank, separable lean and fat, trimmed to 1/4"" fat, choice, raw",dravya.lamb,M1,lamb,0,
9484,"Lamb, foreshank, separable lean and fat, trimmed to 1/4"" fat, choice, cooked, braised",dravya.lamb,M1,lamb,0,
9485,"Lamb, foreshank, separable lean only, trimmed to 1/4"" fat, choice, raw",dravya.lamb,M1,lamb,0,
9486,"Lamb, foreshank, separable lean only, trimmed to 1/4"" fat, choice, cooked, braised",dravya.lamb,M1,lamb,0,
9487,"Lamb, leg, shank half, separable lean and fat, trimmed to 1/4"" fat, choice, cooked, roasted",dravya.lamb,M1,lamb,0,
9488,"Lamb, leg, shank half, separable lean only, trimmed to 1/4"" fat, choice, raw",dravya.lamb,M1,lamb,0,
9489,"Lamb, leg, shank half, separable lean only, trimmed to 1/4"" fat, choice, cooked, roasted",dravya.lamb,M1,lamb,0,
9490,"Lamb, leg, sirloin half, separable lean and fat, trimmed to 1/4"" fat, choice, raw",dravya.lamb,M1,lamb,0,
9491,"Lamb, loin, separable lean and fat, trimmed to 1/4"" fat, choice, cooked, broiled",dravya.lamb,M1,lamb,0,
9492,"Lamb, loin, separable lean and fat, trimmed to 1/4"" fat, choice, cooked, roasted",dravya.lamb,M1,lamb,0,
9493,"Lamb, loin, separable lean only, trimmed to 1/4"" fat, choice, raw",dravya.lamb,M1,lamb,0,
9494,"Lamb, loin, separable lean only, trimmed to 1/4"" fat, choice, cooked, broiled",dravya.lamb,M1,lamb,0,
9495,"Lamb, rib, separable lean only, trimmed to 1/4"" fat, choice, raw",dravya.lamb,M1,lamb,0,
9496,"Lamb, rib, separable lean only, trimmed to 1/4"" fat, choice, cooked, broiled",dravya.lamb,M1,lamb,0,
9497,"Lamb, rib, separable lean only, trimmed to 1/4"" fat, choice, cooked, roasted",dravya.lamb,M1,lamb,0,
9498,"Lamb, shoulder, whole (arm and blade), separable lean and fat, trimmed to 1/4"" fat, choice, raw",dravya.lamb,M1,lamb,0,
9499,"Lamb, shoulder, whole (arm and blade), separable lean and fat, trimmed to 1/4"" fat, choice, cooked, braised",dravya.lamb,M1,lamb,0,
9500,"Lamb, shoulder, whole (arm and blade), separable lean only, trimmed to 1/4"" fat, choice, cooked, broiled",dravya.lamb,M1,lamb,0,
9501,"Lamb, shoulder, whole (arm and blade), separable lean only, trimmed to 1/4"" fat, choice, cooked, roasted",dravya.lamb,M1,lamb,0,
9502,"Lamb, shoulder, arm, separable lean and fat, trimmed to 1/4"" fat, choice, raw",dravya.lamb,M1,lamb,0,
9503,"Lamb, shoulder, arm, separable lean and fat, trimmed to 1/4"" fat, choice, cooked, braised",dravya.lamb,M1,lamb,0,
9504,"Lamb, shoulder, arm, separable lean only, trimmed to 1/4"" fat, choice, cooked, broiled",dravya.lamb,M1,lamb,0,
9505,"Lamb, shoulder, arm, separable lean only, trimmed to 1/4"" fat, choice, cooked, roasted",dravya.lamb,M1,lamb,0,
9506,"Lamb, shoulder, blade, separable lean and fat, trimmed to 1/4"" fat, choice, raw",dravya.lamb,M1,lamb,0,
9507,"Lamb, shoulder, blade, separable lean and fat, trimmed to 1/4"" fat, choice, cooked, braised",dravya.lamb,M1,lamb,0,
9508,"Lamb, shoulder, blade, separable lean only, trimmed to 1/4"" fat, choice, cooked, broiled",dravya.lamb,M1,lamb,0,
9509,"Lamb, shoulder, blade, separable lean only, trimmed to 1/4"" fat, choice, cooked, roasted",dravya.lamb,M1,lamb,0,
9510,"Lamb, cubed for stew or kabob (leg and shoulder), separable lean only, trimmed to 1/4"" fat, raw",dravya.lamb,M1,lamb,0,
9511,"Lamb, cubed for stew or kabob (leg and shoulder), separable lean only, trimmed to 1/4"" fat, cooked, braised",dravya.lamb,M1,lamb,0,
9512,"Lamb, cubed for stew or kabob (leg and shoulder), separable lean only, trimmed to 1/4"" fat, cooked, broiled",dravya.lamb,M1,lamb,0,
9513,"Lamb, New Zealand, imported, frozen, composite of trimmed retail cuts, separable fat, raw",dravya.lamb,M1,lamb,0,
9514,"Lamb, New Zealand, imported, frozen, composite of trimmed retail cuts, separable fat, cooked",dravya.lamb,M1,lamb,0,
9515,"Lamb, New Zealand, imported, fore-shank, separable lean and fat, raw",dravya.lamb,M1,lamb,0,
9516,"Lamb, New Zealand, imported, fore-shank, separable lean and fat, cooked, braised",dravya.lamb,M1,lamb,0,
9517,"Lamb, New Zealand, imported, leg chop/steak, bone-in, separable lean only, raw",dravya.lamb,M1,lamb,0,
9518,"Lamb, New Zealand, imported, frozen, leg, whole (shank and sirloin), separable lean only, cooked, roasted",dravya.lamb,M1,lamb,0,
9519,"Lamb, New Zealand, imported, loin chop, separable lean and fat, raw",dravya.lamb,M1,lamb,0,
9527,"Lamb, variety meats and by-products, brain, raw",dravya.lamb,M1,lamb,0,
9528,"Lamb, variety meats and by-products, brain, cooked, braised",dravya.lamb,M1,lamb,0,
9529,"Lamb, variety meats and by-products, heart, raw",dravya.lamb,M1,lamb,0,
9530,"Lamb, variety meats and by-products, heart, cooked, braised",dravya.lamb,M1,lamb,0,
9533,"Lamb, variety meats and by-products, liver, raw",dravya.lamb,M1,lamb,0,
9534,"Lamb, variety meats and by-products, liver, cooked, braised",dravya.lamb,M1,lamb,0,
9535,"Lamb, variety meats and by-products, liver, cooked, pan-fried",dravya.lamb,M1,lamb,0,
9539,"Lamb, variety meats and by-products, mechanically separated, raw",dravya.lamb,M1,lamb,0,
9540,"Lamb, variety meats and by-products, pancreas, raw",dravya.lamb,M1,lamb,0,
9541,"Lamb, variety meats and by-products, pancreas, cooked, braised",dravya.lamb,M1,lamb,0,
9546,"Lamb, ground, cooked, broiled",dravya.lamb,M1,lamb,0,
9547,"Lamb, composite of trimmed retail cuts, separable lean and fat, trimmed to 1/8"" fat, choice, raw",dravya.lamb,M1,lamb,0,
9548,"Lamb, composite of trimmed retail cuts, separable lean and fat, trimmed to 1/8"" fat, choice, cooked",dravya.lamb,M1,lamb,0,
9549,"Lamb, foreshank, separable lean and fat, trimmed to 1/8"" fat, choice, raw",dravya.lamb,M1,lamb,0,
9550,"Lamb, leg, shank half, separable lean and fat, trimmed to 1/8"" fat, choice, cooked, roasted",dravya.lamb,M1,lamb,0,
9551,"Lamb, leg, sirloin half, separable lean and fat, trimmed to 1/8"" fat, choice, raw",dravya.lamb,M1,lamb,0,
9552,"Lamb, leg, sirloin half, separable lean and fat, trimmed to 1/8"" fat, choice, cooked, roasted",dravya.lamb,M1,lamb,0,
9553,"Lamb, loin, separable lean and fat, trimmed to 1/8"" fat, choice, raw",dravya.lamb,M1,lamb,0,
9554,"Lamb, rib, separable lean and fat, trimmed to 1/8"" fat, choice, cooked, roasted",dravya.lamb,M1,lamb,0,
9555,"Lamb, shoulder, whole (arm and blade), separable lean and fat, trimmed to 1/8"" fat, choice, raw",dravya.lamb,M1,lamb,0,
9556,"Lamb, shoulder, whole (arm and blade), separable lean and fat, trimmed to 1/8"" fat, choice, cooked, braised",dravya.lamb,M1,lamb,0,
9557,"Lamb, shoulder, whole (arm and blade), separable lean and fat, trimmed to 1/8"" fat, choice, cooked, broiled",dravya.lamb,M1,lamb,0,
9558,"Lamb, shoulder, blade, separable lean and fat, trimmed to 1/8"" fat, choice, raw",dravya.lamb,M1,lamb,0,
9559,"Lamb, shoulder, blade, separable lean and fat, trimmed to 1/8"" fat, choice, cooked, braised",dravya.lamb,M1,lamb,0,
9560,"Lamb, shoulder, blade, separable lean and fat, trimmed to 1/8"" fat, choice, cooked, broiled",dravya.lamb,M1,lamb,0,
9561,"Lamb, shoulder, blade, separable lean and fat, trimmed to 1/8"" fat, choice, cooked, roasted",dravya.lamb,M1,lamb,0,
9562,"Lamb, New Zealand, imported, frozen, leg, whole (shank and sirloin), separable lean and fat, trimmed to 1/8"" fat, raw",dravya.lamb,M1,lamb,0,
9563,"Lamb, New Zealand, imported, frozen, leg, whole (shank and sirloin), separable lean and fat, trimmed to 1/8"" fat, cooked, roasted",dravya.lamb,M1,lamb,0,
9564,"Lamb, New Zealand, imported, frozen, loin, separable lean and fat, trimmed to 1/8"" fat, raw",dravya.lamb,M1,lamb,0,
9565,"Lamb, New Zealand, imported, frozen, loin, separable lean and fat, trimmed to 1/8"" fat, cooked, broiled",dravya.lamb,M1,lamb,0,
9574,"Lamb, Australian, imported, fresh, separable fat, raw",dravya.lamb,M1,lamb,0,
9575,"Lamb, Australian, imported, fresh, separable fat, cooked",dravya.lamb,M1,lamb,0,
9576,"Lamb, Australian, imported, fresh, foreshank, separable lean and fat, trimmed to 1/8"" fat, raw",dravya.lamb,M1,lamb,0,
9577,"Lamb, Australian, imported, fresh, foreshank, separable lean and fat, trimmed to 1/8"" fat, cooked, braised",dravya.lamb,M1,lamb,0,
9578,"Lamb, Australian, imported, fresh, leg, whole (shank and sirloin), separable lean only, trimmed to 1/8"" fat, raw",dravya.lamb,M1,lamb,0,
9579,"Lamb, Australian, imported, fresh, leg, whole (shank and sirloin), separable lean only, trimmed to 1/8"" fat, cooked, roasted",dravya.lamb,M1,lamb,0,
9580,"Lamb, Australian, imported, fresh, leg, shank half, separable lean and fat, trimmed to 1/8"" fat, raw",dravya.lamb,M1,lamb,0,
9581,"Lamb, Australian, imported, fresh, leg, shank half, separable lean and fat, trimmed to 1/8"" fat, cooked, roasted",dravya.lamb,M1,lamb,0,
9582,"Lamb, Australian, imported, fresh, leg, shank half, separable lean only, trimmed to 1/8"" fat, raw",dravya.lamb,M1,lamb,0,
9583,"Lamb, Australian, imported, fresh, leg, sirloin half, boneless, separable lean only, trimmed to 1/8"" fat, cooked, roasted",dravya.lamb,M1,lamb,0,
9584,"Lamb, Australian, imported, fresh, leg, sirloin chops, boneless, separable lean and fat, trimmed to 1/8"" fat, raw",dravya.lamb,M1,lamb,0,
9585,"Lamb, Australian, imported, fresh, leg, sirloin chops, boneless, separable lean and fat, trimmed to 1/8"" fat, cooked, broiled",dravya.lamb,M1,lamb,0,
9586,"Lamb, Australian, imported, fresh, leg, sirloin chops, boneless, separable lean only, trimmed to 1/8"" fat, raw",dravya.lamb,M1,lamb,0,
9587,"Lamb, Australian, imported, fresh, leg, center slice, bone-in, separable lean only, trimmed to 1/8"" fat, cooked, broiled",dravya.lamb,M1,lamb,0,
9588,"Lamb, Australian, imported, fresh, loin, separable lean and fat, trimmed to 1/8"" fat, raw",dravya.lamb,M1,lamb,0,
9589,"Lamb, Australian, imported, fresh, loin, separable lean and fat, trimmed to 1/8"" fat, cooked, broiled",dravya.lamb,M1,lamb,0,
9590,"Lamb, Australian, imported, fresh, loin, separable lean only, trimmed to 1/8"" fat, raw",dravya.lamb,M1,lamb,0,
9591,"Lamb, Australian, imported, fresh, rib chop, frenched, bone-in, separable lean only, trimmed to 1/8"" fat, cooked, grilled",dravya.lamb,M1,lamb,0,
9592,"Lamb, Australian, imported, fresh, shoulder, whole (arm and blade), separable lean and fat, trimmed to 1/8"" fat, raw",dravya.lamb,M1,lamb,0,
9593,"Lamb, Australian, imported, fresh, shoulder, whole (arm and blade), separable lean and fat, trimmed to 1/8"" fat, cooked",dravya.lamb,M1,lamb,0,
9594,"Lamb, Australian, imported, fresh, shoulder, whole (arm and blade), separable lean only,   trimmed to 1/8"" fat, raw",dravya.lamb,M1,lamb,0,
9595,"Lamb, Australian, imported, fresh, shoulder, whole (arm and blade), separable lean only, trimmed to 1/8"" fat, cooked",dravya.lamb,M1,lamb,0,
9596,"Lamb, Australian, imported, fresh, shoulder, blade, separable lean and fat, trimmed to 1/8"" fat, raw",dravya.lamb,M1,lamb,0,
9597,"Lamb, Australian, imported, fresh, shoulder, blade, separable lean and fat, trimmed to 1/8"" fat, cooked, broiled",dravya.lamb,M1,lamb,0,
9598,"Lamb, Australian, imported, fresh, shoulder, blade, separable lean only, trimmed to 1/8"" fat, raw",dravya.lamb,M1,lamb,0,
9599,"Lamb, Australian, imported, fresh, shoulder ,blade, separable lean only, trimmed to 1/8"" fat, cooked, broiled",dravya.lamb,M1,lamb,0,
9610,"Lamb, Australian, ground,  85% lean / 15% fat, raw",dravya.lamb,M1,lamb,0,
9611,"Lamb, New Zealand, imported, Intermuscular fat, cooked",dravya.lamb,M1,lamb,0,
9612,"Lamb, New Zealand, imported, breast, separable lean only, cooked, braised",dravya.lamb,M1,lamb,0,
9613,"Lamb, New Zealand, imported, breast, separable lean only, raw",dravya.lamb,M1,lamb,0,
9614,"Lamb, New Zealand, imported, chump, boneless, separable lean only, cooked, fast roasted",dravya.lamb,M1,lamb,0,
9615,"Lamb, New Zealand, imported, subcutaneous fat, cooked",dravya.lamb,M1,lamb,0,
9616,"Lamb, New Zealand, imported, liver, cooked, soaked and fried",dravya.lamb,M1,lamb,0,
9617,"Lamb, New Zealand, imported, liver, raw",dravya.lamb,M1,lamb,0,
9618,"Lamb, New Zealand, imported, ground lamb, cooked, braised",dravya.lamb,M1,lamb,0,
9620,"Lamb, New Zealand, imported, testes, cooked, soaked and fried",dravya.lamb,M1,lamb,0,
9621,"Lamb, New Zealand, imported, testes, raw",dravya.lamb,M1,lamb,0,
9622,"Lamb, New Zealand, imported, tongue - swiss cut, cooked, soaked and simmered",dravya.lamb,M1,lamb,0,
9623,"Lamb, New Zealand, imported, tongue - swiss cut, raw",dravya.lamb,M1,lamb,0,
9624,"Lamb, New Zealand, imported, tenderloin, separable lean only, cooked, fast fried",dravya.lamb,M1,lamb,0,
9625,"Lamb, New Zealand, imported, tenderloin, separable lean only, raw",dravya.lamb,M1,lamb,0,
9626,"Lamb, New Zealand, imported, loin saddle, separable lean only, cooked, fast roasted",dravya.lamb,M1,lamb,0,
9627,"Lamb, New Zealand, imported, loin saddle, separable lean only, raw",dravya.lamb,M1,lamb,0,
9628,"Lamb, New Zealand, imported, neck chops, separable lean only, cooked, braised",dravya.lamb,M1,lamb,0,
9629,"Lamb, New Zealand, imported, netted shoulder, rolled, boneless, separable lean only, cooked, slow roasted",dravya.lamb,M1,lamb,0,
9630,"Lamb, New Zealand, imported, netted shoulder, rolled, boneless, separable lean only, raw",dravya.lamb,M1,lamb,0,
9631,"Lamb, New Zealand, imported, rack - fully frenched, separable lean only, cooked, fast roasted",dravya.lamb,M1,lamb,0,
9632,"Lamb, New Zealand, imported, flap, boneless, separable lean and fat, cooked, braised",dravya.lamb,M1,lamb,0,
9633,"Lamb, New Zealand, imported, flap, boneless, separable lean and fat, raw",dravya.lamb,M1,lamb,0,
9634,"Lamb, New Zealand, imported, hind-shank, separable lean and fat, cooked, braised",dravya.lamb,M1,lamb,0,
9635,"Lamb, New Zealand, imported, hind-shank, separable lean and fat, raw",dravya.lamb,M1,lamb,0,
9636,"Lamb, New Zealand, imported, loin, boneless, separable lean and fat, cooked, fast roasted",dravya.lamb,M1,lamb,0,
9637,"Lamb, New Zealand, imported, loin, boneless, separable lean and fat, raw",dravya.lamb,M1,lamb,0,
9638,"Lamb, New Zealand, imported, neck chops, separable lean and fat, cooked, braised",dravya.lamb,M1,lamb,0,
9639,"Lamb, New Zealand, imported, neck chops, separable lean and fat, raw",dravya.lamb,M1,lamb,0,
9640,"Lamb, New Zealand, imported, netted shoulder, rolled, boneless, separable lean and fat, cooked, slow roasted",dravya.lamb,M1,lamb,0,
9641,"Lamb, New Zealand, imported, tenderloin, separable lean and fat, cooked, fast fried",dravya.lamb,M1,lamb,0,
9642,"Lamb, New Zealand, imported, rack - fully frenched, separable lean and fat, cooked, fast roasted",dravya.lamb,M1,lamb,0,
9643,"Lamb, New Zealand, imported, rack - fully frenched, separable lean and fat, raw",dravya.lamb,M1,lamb,0,
9644,"Lamb, New Zealand, imported, tunnel-boned leg, chump off, shank off, separable lean and fat, cooked, slow roasted",dravya.lamb,M1,lamb,0,
9654,"Lamb, Australian, imported, fresh, tenderloin, boneless, separable lean only, trimmed to 1/8"" fat, raw",dravya.lamb,M1,lamb,0,
9655,"Lamb, Australian, imported, fresh, leg, bottom, boneless, separable lean only, trimmed to 1/8"" fat, raw",dravya.lamb,M1,lamb,0,
9656,"Lamb, Australian, imported, fresh, leg, trotter off, bone-in, separable lean only, trimmed to 1/8"" fat, cooked, roasted",dravya.lamb,M1,lamb,0,
9657,"Lamb, Australian, imported, fresh, leg, trotter off, bone-in, separable lean only, trimmed to 1/8"" fat, raw",dravya.lamb,M1,lamb,0,
9658,"Lamb, Australian, imported, fresh, seam fat, cooked",dravya.lamb,M1,lamb,0,
9659,"Lamb, Australian, imported, fresh, seam fat, raw",dravya.lamb,M1,lamb,0,
9660,"Lamb, Australian, imported, fresh, leg, bottom, boneless, separable lean and fat, trimmed to 1/8"" fat, cooked, roasted",dravya.lamb,M1,lamb,0,
9661,"Lamb, Australian, imported, fresh, leg, bottom, boneless, separable lean and fat, trimmed to 1/8"" fat, raw",dravya.lamb,M1,lamb,0,
9662,"Lamb, Australian, imported, fresh, tenderloin, boneless, separable lean and fat, trimmed to 1/8"" fat, raw",dravya.lamb,M1,lamb,0,
9663,"Lamb, Australian, imported, fresh, rib chop, frenched, denuded, bone-in, separable lean only, trimmed to 0"" fat, cooked, grilled",dravya.lamb,M1,lamb,0,
9664,"Lamb, Australian, imported, fresh, rack, roast, frenched, denuded, bone-in, separable lean and fat, trimmed to 0"" fat, cooked, roasted",dravya.lamb,M1,lamb,0,
9665,"Lamb, Australian, imported, fresh, rack, roast, frenched, bone-in, separable lean and fat, trimmed to 1/8"" fat, cooked, roasted",dravya.lamb,M1,lamb,0,
9831,"Chicken, broiler, rotisserie, BBQ, wing, meat and skin",dravya.broiler-chicken,M1,chicken,0,
9848,"Turkey, ground, fat free, raw",dravya.turkey,M1,turkey,0,
9849,"Turkey, ground, fat free, pan-broiled crumbles",dravya.turkey,M1,turkey,0,
9850,"Turkey, ground, fat free, patties, broiled",dravya.turkey,M1,turkey,0,
9851,"Turkey, ground, 93% lean, 7% fat, raw",dravya.turkey,M1,turkey,0,
9852,"Turkey, ground, 93% lean, 7% fat, pan-broiled crumbles",dravya.turkey,M1,turkey,0,
9853,"Chicken, broilers or fryers, dark meat, drumstick, meat only, cooked, braised",dravya.broiler-chicken,M1,chicken,0,
9854,"Chicken, broilers or fryers, dark meat, thigh, meat only, cooked, braised",dravya.broiler-chicken,M1,chicken,0,
9855,"Chicken, skin (drumsticks and thighs), cooked, braised",dravya.broiler-chicken,M1,chicken,0,
9856,"Chicken, skin (drumsticks and thighs), raw",dravya.broiler-chicken,M1,chicken,0,
9857,"Chicken, dark meat, drumstick, meat only, with added solution, cooked, roasted",dravya.broiler-chicken,M1,chicken,0,
9858,"Chicken, dark meat, drumstick, meat only, with added solution, cooked, braised",dravya.broiler-chicken,M1,chicken,0,
9859,"Chicken, dark meat, thigh, meat only, with added solution, cooked, braised",dravya.broiler-chicken,M1,chicken,0,
9860,"Chicken, dark meat, thigh, meat only, with added solution, raw",dravya.broiler-chicken,M1,chicken,0,
9861,"Chicken, dark meat, drumstick, meat and skin, with added solution, raw",dravya.broiler-chicken,M1,chicken,0,
9862,"Chicken, dark meat, drumstick, meat and skin, with added solution, cooked, roasted",dravya.broiler-chicken,M1,chicken,0,
9863,"Chicken, dark meat, thigh, meat and skin, with added solution, cooked, braised",dravya.broiler-chicken,M1,chicken,0,
9864,"Chicken, dark meat, thigh, meat and skin, with added solution, raw",dravya.broiler-chicken,M1,chicken,0,
9865,"Turkey from whole, light meat, meat only, with added solution, raw",dravya.turkey,M2,turkey,0,
9866,"Turkey from whole, light meat, meat only, with added solution, cooked, roasted",dravya.turkey,M2,turkey,0,
9867,"Turkey, skin from whole (light and dark), with added solution, raw",dravya.turkey,M1,turkey,0,
9868,"Turkey, skin from whole, (light and dark), with added solution, roasted",dravya.turkey,M1,turkey,0,
9869,"Turkey, whole, meat only, with added solution, raw",dravya.turkey,M1,turkey,0,
9870,"Turkey, whole, meat only, with added solution, roasted",dravya.turkey,M1,turkey,0,
9871,"Turkey, whole, meat and skin, with added solution, raw",dravya.turkey,M1,turkey,0,
9872,"Turkey, whole, meat and skin, with added solution, roasted",dravya.turkey,M1,turkey,0,
9873,"Turkey, retail parts, wing, meat only, cooked, roasted",dravya.turkey,M1,turkey,0,
9874,"Turkey, skin, from retail parts, from dark meat, raw",dravya.turkey,M1,turkey,0,
9875,"Turkey, skin, from retail parts, from dark meat, cooked, roasted",dravya.turkey,M1,turkey,0,
9876,"Turkey, retail parts, drumstick, meat only, raw",dravya.turkey,M1,turkey,0,
9877,"Turkey, breast, from whole bird, meat only, with added solution, raw",dravya.turkey,M1,turkey,0,
9878,"Turkey, retail parts, thigh, meat only, cooked, roasted",dravya.turkey,M1,turkey,0,
9879,"Turkey, retail parts, drumstick, meat only, cooked, roasted",dravya.turkey,M1,turkey,0,
9984,"Grapes, muscadine, raw",dravya.grapes,M1,grapes,0,
10148,"Sorghum flour, refined, unenriched",dravya.jowar,M2,sorghum,0,
10267,"Egg, yolk, raw, frozen, pasteurized",dravya.chicken-egg,M1,egg,0,
10268,"Egg, yolk, raw, frozen, sugared, pasteurized",dravya.chicken-egg,M1,egg,0,
10269,"Egg, whole, cooked, fried",dravya.chicken-egg,M1,egg,0,
10270,"Egg, whole, cooked, hard-boiled",dravya.chicken-egg,M1,egg,0,
10271,"Egg, whole, dried, stabilized, glucose reduced",dravya.chicken-egg,M1,egg,0,
10272,"Egg, white, dried, flakes, stabilized, glucose reduced",dravya.chicken-egg,M1,egg,0,
10273,"Egg, white, dried, powder, stabilized, glucose reduced",dravya.chicken-egg,M1,egg,0,
10274,"Egg, yolk, dried",dravya.chicken-egg,M1,egg,0,
10281,"Egg, yolk, raw, frozen, salted, pasteurized",dravya.chicken-egg,M1,egg,0,
10314,"Spearmint, fresh",dravya.mint,M1,spearmint,0,
10365,"Oil, soybean, salad or cooking, (partially hydrogenated) and cottonseed",dravya.soybean,M1,soybean,0,
10408,"Chicken, broilers or fryers, drumstick, meat and skin, cooked, fried, flour",dravya.broiler-chicken,M1,chicken,0,
10409,"Chicken, broilers or fryers, drumstick, meat and skin, cooked, roasted",dravya.broiler-chicken,M1,chicken,0,
10410,"Chicken, broilers or fryers, drumstick, meat and skin, cooked, stewed",dravya.broiler-chicken,M1,chicken,0,
10411,"Chicken, broilers or fryers, dark meat, drumstick, meat only, raw",dravya.broiler-chicken,M1,chicken,0,
10412,"Chicken, broilers or fryers, leg, meat and skin, cooked, fried, batter",dravya.broiler-chicken,M1,chicken,0,
10413,"Chicken, broilers or fryers, leg, meat and skin, cooked, fried, flour",dravya.broiler-chicken,M1,chicken,0,
10414,"Chicken, broilers or fryers, leg, meat and skin, cooked, roasted",dravya.broiler-chicken,M1,chicken,0,
10415,"Chicken, broilers or fryers, leg, meat and skin, cooked, stewed",dravya.broiler-chicken,M1,chicken,0,
10416,"Chicken, broilers or fryers, leg, meat only, raw",dravya.broiler-chicken,M1,chicken,0,
10417,"Chicken, broilers or fryers, neck, meat and skin, cooked, fried, batter",dravya.broiler-chicken,M1,chicken,0,
10418,"Chicken, broilers or fryers, neck, meat and skin, cooked, fried, flour",dravya.broiler-chicken,M1,chicken,0,
10419,"Chicken, broilers or fryers, neck, meat and skin, cooked simmered",dravya.broiler-chicken,M1,chicken,0,
10420,"Chicken, broilers or fryers, neck, meat only, raw",dravya.broiler-chicken,M1,chicken,0,
10421,"Chicken, broilers or fryers, thigh, meat and skin, cooked, fried, flour",dravya.broiler-chicken,M1,chicken,0,
10422,"Chicken, broilers or fryers, thigh, meat and skin, cooked, roasted",dravya.broiler-chicken,M1,chicken,0,
10423,"Chicken, broilers or fryers, thigh, meat and skin, cooked, stewed",dravya.broiler-chicken,M1,chicken,0,
10424,"Chicken, broilers or fryers, dark meat, thigh, meat only, raw",dravya.broiler-chicken,M1,chicken,0,
10425,"Chicken, broilers or fryers, wing, meat and skin, cooked, fried, batter",dravya.broiler-chicken,M1,chicken,0,
10426,"Chicken, broilers or fryers, wing, meat and skin, cooked, fried, flour",dravya.broiler-chicken,M1,chicken,0,
10427,"Chicken, broilers or fryers, wing, meat and skin, cooked, roasted",dravya.broiler-chicken,M1,chicken,0,
10428,"Chicken, broilers or fryers, wing, meat and skin, cooked, stewed",dravya.broiler-chicken,M1,chicken,0,
10429,"Chicken, broilers or fryers, wing, meat only, raw",dravya.broiler-chicken,M1,chicken,0,
10430,"Chicken, roasting, meat and skin and giblets and neck, cooked, roasted",dravya.broiler-chicken,M1,chicken,0,
10432,"Chicken, roasting, meat and skin, cooked, roasted",dravya.broiler-chicken,M1,chicken,0,
10433,"Chicken, roasting, meat only, raw",dravya.broiler-chicken,M1,chicken,0,
10434,"Chicken, roasting, light meat, meat only, cooked, roasted",dravya.broiler-chicken,M1,chicken,0,
10435,"Chicken, roasting, dark meat, meat only, raw",dravya.broiler-chicken,M1,chicken,0,
10436,"Chicken, roasting, dark meat, meat only, cooked, roasted",dravya.broiler-chicken,M1,chicken,0,
10437,"Chicken, stewing, meat and skin, and giblets and neck, raw",dravya.broiler-chicken,M1,chicken,0,
10438,"Chicken, stewing, giblets, raw",dravya.broiler-chicken,M1,chicken,0,
10439,"Chicken, stewing, giblets, cooked, simmered",dravya.broiler-chicken,M1,chicken,0,
10440,"Chicken, stewing, light meat, meat only, raw",dravya.broiler-chicken,M1,chicken,0,
10441,"Chicken, stewing, light meat, meat only, cooked, stewed",dravya.broiler-chicken,M1,chicken,0,
10442,"Chicken, capons, meat and skin, raw",dravya.broiler-chicken,M1,chicken,0,
10443,"Chicken, capons, meat and skin, cooked, roasted",dravya.broiler-chicken,M1,chicken,0,
10463,"Fish, mackerel, Pacific and jack, mixed species, raw",dravya.mackerel,M1,mackerel,0,
10464,"Fish, mackerel, spanish, raw",dravya.mackerel,M1,mackerel,0,
10465,"Fish, mackerel, spanish, cooked, dry heat",dravya.mackerel,M1,mackerel,0,
10477,"Fish, salmon, Atlantic, wild, raw",dravya.salmon,M1,salmon,0,
10478,"Fish, salmon, chinook, smoked",dravya.salmon,M1,salmon,0,
10479,"Fish, salmon, chinook, raw",dravya.salmon,M1,salmon,0,
10480,"Fish, salmon, chum, raw",dravya.salmon,M1,salmon,0,
10481,"Fish, salmon, pink, canned, total can contents",dravya.salmon,M1,salmon,0,
10482,"Fish, salmon, sockeye, raw",dravya.salmon,M1,salmon,0,
10483,"Fish, salmon, sockeye, cooked, dry heat",dravya.salmon,M1,salmon,0,
10484,"Fish, salmon, sockeye, canned, drained solids",dravya.salmon,M1,salmon,0,
10497,"Fish, tuna, fresh, bluefin, raw",dravya.tuna,M1,tuna,0,
10498,"Fish, tuna, fresh, bluefin, cooked, dry heat",dravya.tuna,M1,tuna,0,
10499,"Fish, tuna, light, canned in oil, drained solids",dravya.tuna,M1,tuna,0,
10500,"Fish, tuna, light, canned in water, drained solids (Includes foods for USDA's Food Distribution Program)",dravya.tuna,M1,tuna,0,
10506,"Fish, salmon, coho, farmed, raw",dravya.salmon,M1,salmon,0,
10507,"Fish, salmon, coho, farmed, cooked, dry heat",dravya.salmon,M1,salmon,0,
10510,"Fish, salmon, coho, wild, cooked, dry heat",dravya.salmon,M1,salmon,0,
10514,"Salmon, sockeye, canned, drained solids, without skin and bones",dravya.salmon,M1,salmon,0,
10515,"Fish, Salmon, pink, canned, drained solids, without skin and bones",dravya.salmon,M1,salmon,0,
10579,"Lamb, New Zealand, imported, frozen, loin, separable lean only, cooked, broiled",dravya.lamb,M1,lamb,0,
10580,"Lamb, New Zealand, imported, rack - partly frenched, separable lean and fat, raw",dravya.lamb,M1,lamb,0,
10581,"Lamb, New Zealand, imported, rack - partly frenched, separable lean and fat, cooked, fast roasted",dravya.lamb,M1,lamb,0,
10582,"Lamb, New Zealand, imported, frozen, shoulder, whole (arm and blade), separable lean only, cooked, braised",dravya.lamb,M1,lamb,0,
10653,"Cereals, oats, regular and quick, not fortified, dry",dravya.oats,M1,oats,0,
10654,"Cereals, oats, regular and quick, unenriched, cooked with water (includes boiling and microwaving), without salt",dravya.oats,M1,oats,0,
10655,"Cereals, oats, instant, fortified, with cinnamon and spice, prepared with water",dravya.oats,M1,oats,0,
10656,"Cereals, oats, instant, fortified, with raisins and spice, prepared with water",dravya.oats,M1,oats,0,
10666,"Apple juice, canned or bottled, unsweetened, without added ascorbic acid",dravya.apple,M2,apple,0,
10667,"Apple juice, frozen concentrate, unsweetened, undiluted, without added ascorbic acid",dravya.apple,M2,apple,0,
10668,"Apple juice, frozen concentrate, unsweetened, diluted with 3 volume water without added ascorbic acid",dravya.apple,M2,apple,0,
10908,"Crustaceans, crab, alaska king, cooked, moist heat",dravya.crab,M1,crab,0,
10909,"Crustaceans, crab, alaska king, imitation, made from surimi",dravya.crab,M1,crab,0,
10910,"Crustaceans, crab, blue, raw",dravya.crab,M1,crab,0,
10911,"Crustaceans, crab, blue, cooked, moist heat",dravya.crab,M1,crab,0,
10916,"Crustaceans, shrimp, mixed species, raw (may contain additives to retain moisture)",dravya.prawn,M1,shrimp,0,
10930,"Fish, salmon, chum, canned, without salt, drained solids with bone",dravya.salmon,M1,salmon,0,
10931,"Fish, salmon, pink, canned, without salt, solids with bone and liquid",dravya.salmon,M1,salmon,0,
10932,"Fish, salmon, sockeye, canned, without salt, drained solids with bone",dravya.salmon,M1,salmon,0,
10933,"Fish, tuna, light, canned in oil, without salt, drained solids",dravya.tuna,M1,tuna,0,
10942,"Fish, mackerel, king, cooked, dry heat",dravya.mackerel,M1,mackerel,0,
10973,"Peanut flour, defatted",dravya.peanut,M2,peanut,1,dravya.peanut-roasted
11011,"Lamb, composite of trimmed retail cuts, separable lean only, trimmed to 1/4"" fat, choice, raw",dravya.lamb,M1,lamb,0,
11012,"Lamb, composite of trimmed retail cuts, separable lean only, trimmed to 1/4"" fat, choice, cooked",dravya.lamb,M1,lamb,0,
11013,"Lamb, composite of trimmed retail cuts, separable fat, trimmed to 1/4"" fat, choice, raw",dravya.lamb,M1,lamb,0,
11014,"Lamb, composite of trimmed retail cuts, separable fat, trimmed to 1/4"" fat, choice, cooked",dravya.lamb,M1,lamb,0,
11015,"Lamb, leg, whole (shank and sirloin), separable lean and fat, trimmed to 1/4"" fat, choice, raw",dravya.lamb,M1,lamb,0,
11016,"Lamb, leg, whole (shank and sirloin), separable lean and fat, trimmed to 1/4"" fat, choice, cooked, roasted",dravya.lamb,M1,lamb,0,
11017,"Lamb, leg, whole (shank and sirloin), separable lean only, trimmed to 1/4"" fat, choice, raw",dravya.lamb,M1,lamb,0,
11018,"Lamb, leg, whole (shank and sirloin), separable lean only, trimmed to 1/4"" fat, choice, cooked, roasted",dravya.lamb,M1,lamb,0,
11019,"Lamb, leg, shank half, separable lean and fat, trimmed to 1/4"" fat, choice, raw",dravya.lamb,M1,lamb,0,
11020,"Lamb, leg, sirloin half, separable lean and fat, trimmed to 1/4"" fat, choice, cooked, roasted",dravya.lamb,M1,lamb,0,
11021,"Lamb, leg, sirloin half, separable lean only, trimmed to 1/4"" fat, choice, raw",dravya.lamb,M1,lamb,0,
11022,"Lamb, leg, sirloin half, separable lean only, trimmed to 1/4"" fat, choice, cooked, roasted",dravya.lamb,M1,lamb,0,
11023,"Lamb, loin, separable lean and fat, trimmed to 1/4"" fat, choice, raw",dravya.lamb,M1,lamb,0,
11024,"Lamb, loin, separable lean only, trimmed to 1/4"" fat, choice, cooked, roasted",dravya.lamb,M1,lamb,0,
11025,"Lamb, rib, separable lean and fat, trimmed to 1/4"" fat, choice, raw",dravya.lamb,M1,lamb,0,
11026,"Lamb, rib, separable lean and fat, trimmed to 1/4"" fat, choice, cooked, broiled",dravya.lamb,M1,lamb,0,
11027,"Lamb, rib, separable lean and fat, trimmed to 1/4"" fat, choice, cooked, roasted",dravya.lamb,M1,lamb,0,
11028,"Lamb, shoulder, whole (arm and blade), separable lean and fat, trimmed to 1/4"" fat, choice, cooked, broiled",dravya.lamb,M1,lamb,0,
11029,"Lamb, shoulder, whole (arm and blade), separable lean and fat, trimmed to 1/4"" fat, choice, cooked, roasted",dravya.lamb,M1,lamb,0,
11030,"Lamb, shoulder, whole (arm and blade), separable lean only, trimmed to 1/4"" fat, choice, raw",dravya.lamb,M1,lamb,0,
11031,"Lamb, shoulder, whole (arm and blade), separable lean only, trimmed to 1/4"" fat, choice, cooked, braised",dravya.lamb,M1,lamb,0,
11032,"Lamb, shoulder, arm, separable lean and fat, trimmed to 1/4"" fat, choice, cooked, broiled",dravya.lamb,M1,lamb,0,
11033,"Lamb, shoulder, arm, separable lean and fat, trimmed to 1/4"" fat, choice, cooked, roasted",dravya.lamb,M1,lamb,0,
11034,"Lamb, shoulder, arm, separable lean only, trimmed to 1/4"" fat, choice, raw",dravya.lamb,M1,lamb,0,
11035,"Lamb, shoulder, arm, separable lean only, trimmed to 1/4"" fat, choice, cooked, braised",dravya.lamb,M1,lamb,0,
11036,"Lamb, shoulder, blade, separable lean and fat, trimmed to 1/4"" fat, choice, cooked, broiled",dravya.lamb,M1,lamb,0,
11037,"Lamb, shoulder, blade, separable lean and fat, trimmed to 1/4"" fat, choice, cooked, roasted",dravya.lamb,M1,lamb,0,
11038,"Lamb, shoulder, blade, separable lean only, trimmed to 1/4"" fat, choice, raw",dravya.lamb,M1,lamb,0,
11039,"Lamb, shoulder, blade, separable lean only, trimmed to 1/4"" fat, choice, cooked, braised",dravya.lamb,M1,lamb,0,
11040,"Lamb, New Zealand, imported, frozen, composite of trimmed retail cuts, separable lean and fat, raw",dravya.lamb,M1,lamb,0,
11041,"Lamb, New Zealand, imported, frozen, composite of trimmed retail cuts, separable lean and fat, cooked",dravya.lamb,M1,lamb,0,
11042,"Lamb, New Zealand, imported, frozen, composite of trimmed retail cuts, separable lean only, raw",dravya.lamb,M1,lamb,0,
11043,"Lamb, New Zealand, imported, frozen, composite of trimmed retail cuts, separable lean only, cooked",dravya.lamb,M1,lamb,0,
11044,"Lamb, New Zealand, imported, fore-shank, separable lean only, raw",dravya.lamb,M1,lamb,0,
11045,"Lamb, New Zealand, imported, fore-shank, separable lean only, cooked, braised",dravya.lamb,M1,lamb,0,
11046,"Lamb, New Zealand, imported, leg chop/steak, bone-in, separable lean and fat, raw",dravya.lamb,M1,lamb,0,
11047,"Lamb, New Zealand, imported, frozen, leg, whole (shank and sirloin), separable lean and fat, cooked, roasted",dravya.lamb,M1,lamb,0,
11054,"Lamb, variety meats and by-products, brain, cooked, pan-fried",dravya.lamb,M1,lamb,0,
11058,"Lamb, variety meats and by-products, kidneys, raw",dravya.lamb,M1,lamb,0,
11059,"Lamb, variety meats and by-products, kidneys, cooked, braised",dravya.lamb,M1,lamb,0,
11063,"Lamb, variety meats and by-products, lungs, raw",dravya.lamb,M1,lamb,0,
11064,"Lamb, variety meats and by-products, lungs, cooked, braised",dravya.lamb,M1,lamb,0,
11068,"Lamb, variety meats and by-products, spleen, raw",dravya.lamb,M1,lamb,0,
11069,"Lamb, variety meats and by-products, spleen, cooked, braised",dravya.lamb,M1,lamb,0,
11070,"Lamb, variety meats and by-products, tongue, raw",dravya.lamb,M1,lamb,0,
11071,"Lamb, variety meats and by-products, tongue, cooked, braised",dravya.lamb,M1,lamb,0,
11074,"Lamb, ground, raw",dravya.lamb,M1,lamb,0,
11075,"Lamb, foreshank, separable lean and fat, trimmed to 1/8"" fat, cooked, braised",dravya.lamb,M1,lamb,0,
11076,"Lamb, leg, whole (shank and sirloin), separable lean and fat, trimmed to 1/8"" fat, choice, raw",dravya.lamb,M1,lamb,0,
11077,"Lamb, leg, whole (shank and sirloin), separable lean and fat, trimmed to 1/8"" fat, choice, cooked, roasted",dravya.lamb,M1,lamb,0,
11078,"Lamb, leg, shank half, separable lean and fat, trimmed to 1/8"" fat, choice, raw",dravya.lamb,M1,lamb,0,
11079,"Lamb, loin, separable lean and fat, trimmed to 1/8"" fat, choice, cooked, broiled",dravya.lamb,M1,lamb,0,
11080,"Lamb, loin, separable lean and fat, trimmed to 1/8"" fat, choice, cooked, roasted",dravya.lamb,M1,lamb,0,
11081,"Lamb, rib, separable lean and fat, trimmed to 1/8"" fat, choice, raw",dravya.lamb,M1,lamb,0,
11082,"Lamb, rib, separable lean and fat, trimmed to 1/8"" fat, choice, cooked, broiled",dravya.lamb,M1,lamb,0,
11083,"Lamb, shoulder, whole (arm and blade), separable lean and fat, trimmed to 1/8"" fat, choice, cooked, roasted",dravya.lamb,M1,lamb,0,
11084,"Lamb, shoulder, arm, separable lean and fat, trimmed to 1/8"" fat, choice, raw",dravya.lamb,M1,lamb,0,
11085,"Lamb, shoulder, arm, separable lean and fat, trimmed to 1/8"" fat, choice, cooked, braised",dravya.lamb,M1,lamb,0,
11086,"Lamb, shoulder, arm, separable lean and fat, trimmed to 1/8"" fat, cooked, broiled",dravya.lamb,M1,lamb,0,
11087,"Lamb, shoulder, arm, separable lean and fat, trimmed to 1/8"" fat, choice, roasted",dravya.lamb,M1,lamb,0,
11088,"Lamb, New Zealand, imported, frozen, composite of trimmed retail cuts, separable lean and fat, trimmed to 1/8"" fat, raw",dravya.lamb,M1,lamb,0,
11089,"Lamb, New Zealand, imported, frozen, composite of trimmed retail cuts, separable lean and fat, trimmed to 1/8"" fat, cooked",dravya.lamb,M1,lamb,0,
11090,"Lamb, New Zealand, imported, frozen, foreshank, separable lean and fat, trimmed to 1/8"" fat, raw",dravya.lamb,M1,lamb,0,
11091,"Lamb, New Zealand, imported, frozen, foreshank, separable lean and fat, trimmed to 1/8"" fat, cooked, braised",dravya.lamb,M1,lamb,0,
11092,"Lamb, new zealand, imported, frozen, rib, separable lean and fat, trimmed to 1/8"" fat, raw",dravya.lamb,M1,lamb,0,
11093,"Lamb, New Zealand, imported, frozen, rib, separable lean and fat, trimmed to 1/8"" fat, cooked, roasted",dravya.lamb,M1,lamb,0,
11094,"Lamb, New Zealand, imported, frozen, shoulder, whole (arm and blade), separable lean and fat, trimmed to 1/8"" fat, raw",dravya.lamb,M1,lamb,0,
11095,"Lamb, New Zealand, imported, frozen, shoulder, whole (arm and blade), separable lean and fat, trimmed to 1/8"" fat, cooked, braised",dravya.lamb,M1,lamb,0,
11101,"Lamb, Australian, imported, fresh, composite of trimmed retail cuts, separable lean and fat, trimmed to 1/8"" fat, raw",dravya.lamb,M1,lamb,0,
11102,"Lamb, Australian, imported, fresh, composite of trimmed retail cuts, separable lean and fat, trimmed to 1/8"" fat, cooked",dravya.lamb,M1,lamb,0,
11103,"Lamb, Australian, imported, fresh, composite of trimmed retail cuts, separable lean only, trimmed to 1/8"" fat, raw",dravya.lamb,M1,lamb,0,
11104,"Lamb, Australian, imported, fresh, composite of trimmed retail cuts, separable lean only, trimmed to 1/8"" fat, cooked",dravya.lamb,M1,lamb,0,
11105,"Lamb, Australian, imported, fresh, foreshank, separable lean only, trimmed to 1/8"" fat, raw",dravya.lamb,M1,lamb,0,
11106,"Lamb, Australian, imported, fresh, foreshank, separable lean only, trimmed to 1/8"" fat, cooked, braised",dravya.lamb,M1,lamb,0,
11107,"Lamb, Australian, imported, fresh, leg, whole (shank and sirloin), separable lean and fat, trimmed to 1/8"" fat, raw",dravya.lamb,M1,lamb,0,
11108,"Lamb, Australian, imported, fresh, leg, whole (shank and sirloin), separable lean and fat, trimmed to 1/8"" fat, cooked, roasted",dravya.lamb,M1,lamb,0,
11109,"Lamb, Australian, imported, fresh, leg, shank half, separable lean only, trimmed to 1/8"" fat, cooked, roasted",dravya.lamb,M1,lamb,0,
11110,"Lamb, Australian, imported, fresh, leg, sirloin half, boneless, separable lean and fat, trimmed to 1/8"" fat, raw",dravya.lamb,M1,lamb,0,
11111,"Lamb, Australian, imported, fresh, leg, sirloin half, boneless, separable lean and fat, trimmed to 1/8"" fat, cooked, roasted",dravya.lamb,M1,lamb,0,
11112,"Lamb, Australian, imported, fresh, leg, sirloin half, boneless, separable lean only, trimmed to 1/8"" fat, raw",dravya.lamb,M1,lamb,0,
11113,"Lamb, Australian, imported, fresh, leg, sirloin chops, boneless, separable lean only, trimmed to 1/8"" fat, cooked, broiled",dravya.lamb,M1,lamb,0,
11114,"Lamb, Australian, imported, fresh, leg, center slice, bone-in, separable lean and fat, trimmed to 1/8"" fat, raw",dravya.lamb,M1,lamb,0,
11115,"Lamb, Australian, imported, fresh, leg, center slice, bone-in, separable lean and fat, trimmed to 1/8"" fat, cooked, broiled",dravya.lamb,M1,lamb,0,
11116,"Lamb, Australian, imported, fresh, leg, center slice, bone-in, separable lean only, trimmed to 1/8"" fat, raw",dravya.lamb,M1,lamb,0,
11117,"Lamb, Australian, imported, fresh, loin, separable lean only, trimmed to 1/8"" fat, cooked, broiled",dravya.lamb,M1,lamb,0,
11118,"Lamb, Australian, imported, fresh, rib chop/rack roast, frenched, bone-in, separable lean and fat, trimmed to 1/8"" fat, raw",dravya.lamb,M1,lamb,0,
11119,"Lamb, Australian, imported, fresh, rib chop, frenched, bone-in, separable lean and fat, trimmed to 1/8"" fat, cooked, grilled",dravya.lamb,M1,lamb,0,
11120,"Lamb, Australian, imported, fresh, rib chop/rack roast, frenched, bone-in, separable lean only, trimmed to 1/8"" fat, raw",dravya.lamb,M1,lamb,0,
11121,"Lamb, Australian, imported, fresh, shoulder, arm, separable lean and fat, trimmed to 1/8"" fat, raw",dravya.lamb,M1,lamb,0,
11122,"Lamb, Australian, imported, fresh, shoulder, arm, separable lean and fat, trimmed to 1/8"" fat, cooked, braised",dravya.lamb,M1,lamb,0,
11123,"Lamb, Australian, imported, fresh, shoulder, arm, separable lean only, trimmed to 1/8"" fat, raw",dravya.lamb,M1,lamb,0,
11124,"Lamb, Australian, imported, fresh, shoulder, arm, separable lean only,   trimmed to 1/8"" fat, cooked, braised",dravya.lamb,M1,lamb,0,
11138,"Lamb, New Zealand, imported, Intermuscular fat, raw",dravya.lamb,M1,lamb,0,
11139,"Lamb, New Zealand, imported, subcutaneous fat, raw",dravya.lamb,M1,lamb,0,
11140,"Lamb, New Zealand, imported, brains, cooked, soaked and fried",dravya.lamb,M1,lamb,0,
11141,"Lamb, New Zealand, imported, brains, raw",dravya.lamb,M1,lamb,0,
11142,"Lamb, New Zealand, imported, chump, boneless, separable lean only, raw",dravya.lamb,M1,lamb,0,
11143,"Lamb, New Zealand, imported, kidney, cooked, soaked and fried",dravya.lamb,M1,lamb,0,
11144,"Lamb, New Zealand, imported, flap, boneless, separable lean only, cooked, braised",dravya.lamb,M1,lamb,0,
11145,"Lamb, New Zealand, imported, flap, boneless, separable lean only, raw",dravya.lamb,M1,lamb,0,
11146,"Lamb, New Zealand, imported, kidney, raw",dravya.lamb,M1,lamb,0,
11147,"Lamb, New Zealand, imported, heart, cooked, soaked and simmered",dravya.lamb,M1,lamb,0,
11148,"Lamb, New Zealand, imported, heart, raw",dravya.lamb,M1,lamb,0,
11149,"Lamb, New Zealand, imported, sweetbread, cooked, soaked and simmered",dravya.lamb,M1,lamb,0,
11150,"Lamb, New Zealand, imported, sweetbread, raw",dravya.lamb,M1,lamb,0,
11151,"Lamb, New Zealand, imported, tunnel-boned leg, chump off, shank off, separable lean only, cooked, slow roasted",dravya.lamb,M1,lamb,0,
11152,"Lamb, New Zealand, imported, tunnel-boned leg, chump off, shank off, separable lean only, raw",dravya.lamb,M1,lamb,0,
11153,"Lamb, New Zealand, imported, square-cut shoulder chops, separable lean only, cooked, braised",dravya.lamb,M1,lamb,0,
11154,"Lamb, New Zealand, imported, square-cut shoulder chops, separable lean only, raw",dravya.lamb,M1,lamb,0,
11155,"Lamb, New Zealand, imported, loin, boneless, separable lean only, cooked, fast roasted",dravya.lamb,M1,lamb,0,
11156,"Lamb, New Zealand, imported, loin, boneless, separable lean only, raw",dravya.lamb,M1,lamb,0,
11157,"Lamb, New Zealand, imported, hind-shank, separable lean only, cooked, braised",dravya.lamb,M1,lamb,0,
11158,"Lamb, New Zealand, imported, hind-shank, separable lean only, raw",dravya.lamb,M1,lamb,0,
11159,"Lamb, New Zealand, imported, neck chops, separable lean only, raw",dravya.lamb,M1,lamb,0,
11160,"Lamb, New Zealand, imported, rack - fully frenched, separable lean only, raw",dravya.lamb,M1,lamb,0,
11161,"Lamb, New Zealand, imported, loin chop, separable lean only, cooked, fast fried",dravya.lamb,M1,lamb,0,
11162,"Lamb, New Zealand, imported, square-cut shoulder, separable lean only, cooked, slow roasted",dravya.lamb,M1,lamb,0,
11163,"Lamb, New Zealand, imported, leg chop/steak, bone-in, separable lean only, cooked, fast fried",dravya.lamb,M1,lamb,0,
11164,"Lamb, New Zealand, imported, leg chop/steak, bone-in, separable lean and fat, cooked, fast fried",dravya.lamb,M1,lamb,0,
11165,"Lamb, New Zealand, imported, loin chop, separable lean and fat, cooked, fast fried",dravya.lamb,M1,lamb,0,
11166,"Lamb, New Zealand, imported, loin saddle, separable lean and fat, cooked, fast roasted",dravya.lamb,M1,lamb,0,
11167,"Lamb, New Zealand, imported, loin saddle, separable lean and fat, raw",dravya.lamb,M1,lamb,0,
11168,"Lamb, New Zealand, imported, netted shoulder, rolled, boneless, separable lean and fat, raw",dravya.lamb,M1,lamb,0,
11169,"Chicken, capons, giblets, raw",dravya.broiler-chicken,M1,chicken,0,
11170,"Chicken, capons, giblets, cooked, simmered",dravya.broiler-chicken,M1,chicken,0,
11195,"Chicken, liver, all classes, cooked, pan-fried",dravya.broiler-chicken,M1,chicken,0,
11196,"Turkey, ground, 93% lean, 7% fat, patties, broiled",dravya.turkey,M1,turkey,0,
11197,"Turkey, ground, 85% lean, 15% fat, raw",dravya.turkey,M1,turkey,0,
11198,"Turkey, ground, 85% lean, 15% fat, pan-broiled crumbles",dravya.turkey,M1,turkey,0,
11199,"Turkey, ground, 85% lean, 15% fat, patties, broiled",dravya.turkey,M1,turkey,0,
11200,"Chicken, skin (drumsticks and thighs), cooked, roasted",dravya.broiler-chicken,M1,chicken,0,
11201,"Chicken, broilers or fryers, dark meat, drumstick, meat and skin, cooked, braised",dravya.broiler-chicken,M1,chicken,0,
11202,"Chicken, broilers or fryers, dark meat, thigh, meat and skin, cooked, braised",dravya.broiler-chicken,M1,chicken,0,
11203,"Chicken, dark meat, drumstick, meat only, with added solution, raw",dravya.broiler-chicken,M1,chicken,0,
11204,"Chicken, dark meat, thigh, meat only, with added solution, cooked, roasted",dravya.broiler-chicken,M1,chicken,0,
11205,"Chicken, skin (drumsticks and thighs), with added solution, cooked, braised",dravya.broiler-chicken,M1,chicken,0,
11206,"Chicken, skin (drumsticks and thighs), with added solution, raw",dravya.broiler-chicken,M1,chicken,0,
11207,"Chicken, skin (drumsticks and thighs), with added solution, cooked, roasted",dravya.broiler-chicken,M1,chicken,0,
11208,"Chicken, dark meat, drumstick, meat and skin, with added solution, cooked, braised",dravya.broiler-chicken,M1,chicken,0,
11209,"Chicken, dark meat, thigh, meat and skin, with added solution, cooked, roasted",dravya.broiler-chicken,M1,chicken,0,
11210,"Chicken, broiler, rotisserie, BBQ, back meat only",dravya.broiler-chicken,M1,chicken,0,
11211,"Turkey, dark meat from whole, meat only, with added solution, raw",dravya.turkey,M1,turkey,0,
11212,"Turkey, dark meat, meat only, with added solution, cooked, roasted",dravya.turkey,M1,turkey,0,
11213,"Turkey, dark meat from whole, meat and skin, with added solution, raw",dravya.turkey,M1,turkey,0,
11214,"Turkey, dark meat from whole, meat and skin, with added solution, cooked, roasted",dravya.turkey,M1,turkey,0,
11215,"Turkey from whole, light meat, meat and skin, with added solution, raw",dravya.turkey,M2,turkey,0,
11216,"Turkey from whole, light meat, meat and skin, with added solution, cooked, roasted",dravya.turkey,M2,turkey,0,
11217,"Turkey, retail parts, breast, meat only, with added solution, raw",dravya.turkey,M1,turkey,0,
11218,"Turkey, retail parts, breast, meat only, with added solution, cooked, roasted",dravya.turkey,M1,turkey,0,
11219,"Turkey, retail parts, breast, meat only, raw",dravya.turkey,M1,turkey,0,
11220,"Turkey, retail parts, breast, meat only, cooked, roasted",dravya.turkey,M1,turkey,0,
11221,"Turkey, retail parts, wing, meat only, raw",dravya.turkey,M1,turkey,0,
11222,"Turkey, retail parts, thigh, meat only, raw",dravya.turkey,M1,turkey,0,
11223,"Turkey, breast, from whole bird, meat only, with added solution, roasted",dravya.turkey,M1,turkey,0,
11224,"Turkey, back, from whole bird, meat only, with added solution, raw",dravya.turkey,M1,turkey,0,
11225,"Turkey, back, from whole bird, meat only, with added solution, roasted",dravya.turkey,M1,turkey,0,
11329,"Grapes, american type (slip skin), raw",dravya.grapes,M1,grapes,0,
11331,"Grapes, canned, thompson seedless, water pack, solids and liquids",dravya.grapes,M1,grapes,0,
11332,"Grapes, canned, thompson seedless, heavy syrup pack, solids and liquids",dravya.grapes,M1,grapes,0,
11489,"Lamb, New Zealand, imported, square-cut shoulder chops, separable lean and fat, cooked, braised",dravya.lamb,M1,lamb,0,
11490,"Lamb, New Zealand, imported, square-cut shoulder chops, separable lean and fat, raw",dravya.lamb,M1,lamb,0,
11491,"Lamb, New Zealand, imported, square-cut shoulder, separable lean and fat, cooked, slow roasted",dravya.lamb,M1,lamb,0,
11492,"Lamb, New Zealand, imported, tunnel-boned leg, chump off, shank off, separable lean and fat, raw",dravya.lamb,M1,lamb,0,
11493,"Lamb, New Zealand, imported, tenderloin, separable lean and fat, raw",dravya.lamb,M1,lamb,0,
11500,"Lamb, Australian, imported, fresh, leg, bottom, boneless, separable lean only, trimmed to 1/8"" fat, cooked, roasted",dravya.lamb,M1,lamb,0,
11501,"Lamb, Australian, imported, fresh, leg, hindshank, heel on, bone-in, separable lean only, trimmed to 1/8"" fat, cooked, braised",dravya.lamb,M1,lamb,0,
11502,"Lamb, Australian, imported, fresh, leg, hindshank, heel on, bone-in, separable lean only, trimmed to 1/8"" fat, raw",dravya.lamb,M1,lamb,0,
11503,"Lamb, Australian, imported, fresh, tenderloin, boneless, separable lean only, trimmed to 1/8"" fat, cooked, roasted",dravya.lamb,M1,lamb,0,
11504,"Lamb, Australian, imported, fresh, rack, roast, frenched, denuded, bone-in, separable lean only, trimmed to 0"" fat, cooked, roasted",dravya.lamb,M1,lamb,0,
11505,"Lamb, Australian, imported, fresh, rack, roast, frenched, bone-in, separable lean only, trimmed to 1/8"" fat, cooked, roasted",dravya.lamb,M1,lamb,0,
11506,"Lamb, Australian, imported, fresh, external fat, cooked",dravya.lamb,M1,lamb,0,
11507,"Lamb, Australian, imported, fresh, external fat, raw",dravya.lamb,M1,lamb,0,
11508,"Lamb, Australian, imported, fresh, leg, hindshank, heel on, bone-in, separable lean and fat, trimmed to 1/8"" fat, cooked, braised",dravya.lamb,M1,lamb,0,
11509,"Lamb, Australian, imported, fresh, leg, hindshank, heel on, bone-in, separable lean and fat, trimmed to 1/8"" fat, raw",dravya.lamb,M1,lamb,0,
11510,"Lamb, Australian, imported, fresh, leg, trotter off, bone-in, separable lean and fat, trimmed to 1/8"" fat, cooked, roasted",dravya.lamb,M1,lamb,0,
11511,"Lamb, Australian, imported, fresh, leg, trotter off, bone-in, separable lean and fat, trimmed to 1/8"" fat, raw",dravya.lamb,M1,lamb,0,
11512,"Lamb, Australian, imported, fresh, tenderloin, boneless, separable lean and fat, trimmed to 1/8"" fat, cooked, roasted",dravya.lamb,M1,lamb,0,
11513,"Lamb, Australian, imported, fresh, rib chop, frenched, denuded, bone-in, separable lean and fat, trimmed to 0"" fat, cooked, grilled",dravya.lamb,M1,lamb,0,
11712,"Fish, mackerel, Atlantic, raw",dravya.mackerel,M1,mackerel,0,
11713,"Fish, mackerel, Atlantic, cooked, dry heat",dravya.mackerel,M1,mackerel,0,
11714,"Fish, mackerel, jack, canned, drained solids",dravya.mackerel,M1,mackerel,0,
11715,"Fish, mackerel, king, raw",dravya.mackerel,M1,mackerel,0,
11728,"Fish, salmon, chum, canned, drained solids with bone",dravya.salmon,M1,salmon,0,
11729,"Fish, salmon, coho, wild, raw",dravya.salmon,M1,salmon,0,
11730,"Fish, salmon, coho, wild, cooked, moist heat",dravya.salmon,M1,salmon,0,
11731,"Fish, salmon, pink, raw",dravya.salmon,M1,salmon,0,
11732,"Fish, sardine, Atlantic, canned in oil, drained solids with bone",dravya.sardine,M1,sardine,0,
11749,"Fish, tuna, fresh, skipjack, raw",dravya.tuna,M1,tuna,0,
11750,"Fish, tuna, white, canned in oil, drained solids",dravya.tuna,M1,tuna,0,
11751,"Fish, tuna, white, canned in water, drained solids",dravya.tuna,M1,tuna,0,
11752,"Fish, tuna, fresh, yellowfin, raw",dravya.tuna,M1,tuna,0,
11757,"Crustaceans, crab, alaska king, raw",dravya.crab,M1,crab,0,
11760,"Fish, salmon, Atlantic, farmed, raw",dravya.salmon,M1,salmon,0,
11761,"Fish, salmon, Atlantic, farmed, cooked, dry heat",dravya.salmon,M1,salmon,0,
11767,"Salmon, sockeye, canned, total can contents",dravya.salmon,M1,salmon,0,
11768,"Fish, salmon, pink, canned, drained solids",dravya.salmon,M1,salmon,0,
11773,"Crustaceans, shrimp, cooked",dravya.prawn,M1,shrimp,0,
11830,"Lamb, New Zealand, imported, loin chop, separable lean only, raw",dravya.lamb,M1,lamb,0,
11831,"Lamb, New Zealand, imported, rack - partly frenched, separable lean only, raw",dravya.lamb,M1,lamb,0,
11832,"Lamb, New Zealand, imported, rack - partly frenched, separable lean only, cooked, fast roasted",dravya.lamb,M1,lamb,0,
11833,"Lamb, New Zealand, imported, square-cut shoulder, separable lean and fat, raw",dravya.lamb,M1,lamb,0,
11834,"Lamb, New Zealand, imported, frozen, shoulder, whole (arm and blade), separable lean and fat, cooked, braised",dravya.lamb,M1,lamb,0,
11835,"Lamb, New Zealand, imported, square-cut shoulder, separable lean only, raw",dravya.lamb,M1,lamb,0,
11878,Black Pepper,dravya.black-pepper,M1,black pepper,0,
11882,Cilantro (Fresh Coriander),dravya.cilantro,M1,cilantro,0,
11893,Ghee (Clarified Butter),dravya.ghee,M1,ghee,0,
11896,Pomegranate Seeds,dravya.pomegranate,M2,pomegranate,0,
11905,Black Cumin (Siyah Dona),dravya.black-cumin,M1,black cumin,0,
11913,Raisins (black and golden),dravya.raisins,M1,raisins,0,
11919,Fenugreek Leaves (Shanbalileh),dravya.methi-leaves,M1,fenugreek leaves,0,
11928,Pomegranate (fresh seeds and dried/powdered anardana),dravya.pomegranate,M1,pomegranate,0,
11929,Leek (Gandana),dravya.leek,M1,leek,0,
11944,Corn Flour (Maize),dravya.corn,M2,corn,0,
11951,Orange (zest and blossom water),dravya.orange,M1,orange,0,
11967,Lemon (fresh),dravya.lemon,M1,lemon,0,
11970,Cilantro (Fresh),dravya.cilantro,M1,cilantro,0,
11971,Garlic (fresh and dried),dravya.garlic,M1,garlic,0,
11979,Lime (Moli),dravya.lime,M1,lime,0,
12034,Bay Leaf (Laurel),dravya.bay-leaf-mediterranean,M1,bay leaf,1,dravya.bay-leaf
12042,Cayenne,dravya.red-chili,M1,cayenne,0,
12046,Leek,dravya.leek,M1,leek,0,
12055,Pomegranate (fresh and molasses),dravya.pomegranate,M1,pomegranate,0,
12106,Sesame Oil / Seeds,dravya.sesame-oil,M2,sesame oil,0,
12141,Caraway Seed (Kümmel),dravya.caraway,M1,caraway seed,0,
12143,Lemon (zest and juice),dravya.lemon,M1,lemon,0,
12148,Poppy Seeds (Mohn),dravya.poppy-seed,M1,poppy seeds,0,
12159,Cinnamon (Darchin),dravya.cinnamon,M1,cinnamon,0,
12161,Pomegranate (fresh and Narsharab sauce),dravya.pomegranate,M1,pomegranate,0,
12162,Saffron (Zafran),dravya.saffron,M1,saffron,0,
12172,Nettle,dravya.stinging-nettle,M1,nettle,0,
12186,Asafoetida (Hing),dravya.asafoetida,M1,asafoetida,0,
12187,Bay Leaf (Tej Patta),dravya.bay-leaf-mediterranean,M1,bay leaf,1,dravya.bay-leaf
12190,Black Cumin (Kalo Jeera),dravya.black-cumin,M1,black cumin,0,
12191,Black Salt (Bit Noon),dravya.black-salt,M1,black salt,0,
12193,Carom Seed (Jowan),dravya.ajwain,M1,carom seed,0,
12194,Celery Seed (Radhuni),dravya.celery-seed,M1,celery seed,1,dravya.celery
12198,Cubeb Pepper (Kababchini),dravya.cubeb-pepper,M1,cubeb pepper,0,
12200,Fennel Seed (Mouri),dravya.fennel-seed,M1,fennel seed,0,
12201,Fenugreek Seed (Methi),dravya.fenugreek-seed,M1,fenugreek seed,0,
12208,Mustard Oil,dravya.mustard-oil,M1,mustard oil,0,
12209,Nigella Seed (Kalonji),dravya.onion-seed,M1,nigella seed,0,
12210,Nutmeg (Jaiphal),dravya.nutmeg,M1,nutmeg,0,
12212,Poppy Seeds (Posto),dravya.poppy-seed,M1,poppy seeds,0,
12217,Prunes (Aloo Bukhara),dravya.prunes,M1,prunes,0,
12218,Shahi Jeera (Royal Cumin),dravya.black-cumin,M1,shahi jeera,0,
12222,Shrimp Paste (from Arakanese influence),dravya.prawn,M2,shrimp,0,
12224,Carom seed (Ajwain),dravya.ajwain,M1,carom seed,0,
12226,Clove,dravya.clove,M1,clove,0,
12229,Garlic (dried),dravya.garlic,M1,garlic,0,
12230,Red chili powder,dravya.red-chili,M1,red chili powder,0,
12246,Nettle (dried),dravya.stinging-nettle,M1,nettle,0,
12251,Fennel seed (for seafood),dravya.fennel-seed,M1,fennel seed,0,
12268,Cinnamon (light use),dravya.cinnamon,M1,cinnamon,0,
12269,Nutmeg (light use),dravya.nutmeg,M1,nutmeg,0,
12273,Ajwain (carom seed),dravya.ajwain,M1,ajwain,0,
12289,Galangal (dried),dravya.greater-galangal,M1,galangal,0,
12290,Lemongrass (dried),dravya.lemongrass,M1,lemongrass,0,
12291,Tamarind powder (aromatic souring agent),dravya.tamarind,M2,tamarind,0,
12294,Garam masala (mixed spice),dravya.garam-masala-classical,M1,garam masala,0,
12296,Spearmint (dried),dravya.mint,M1,spearmint,0,
12299,Tamarind powder,dravya.tamarind,M2,tamarind,0,
12301,Wild sage,dravya.sage,M2,sage,0,
12306,Wild onion (dried),dravya.onion,M2,onion,0,
12307,Wild garlic (dried),dravya.garlic,M2,garlic,0,
12311,Black pepper (post-contact),dravya.black-pepper,M1,black pepper,0,
12316,Saffron (often substituted with turmeric),dravya.saffron,M1,saffron,0,
12336,Cinnamon (less common),dravya.cinnamon,M1,cinnamon,0,
12337,Clove (less common),dravya.clove,M1,clove,0,
12338,Vanilla (dried – signature Tahitian ingredient),dravya.vanilla,M1,vanilla,0,
12340,Saffron (Imeretian saffron / marigold),dravya.saffron,M1,saffron,0,
12342,Saffron (Imeretian),dravya.saffron,M1,saffron,0,
12345,Garlic powder (post-contact),dravya.garlic,M2,garlic,0,
12346,Onion powder (post-contact),dravya.onion,M2,onion,0,
12355,Cinnamon (limited use),dravya.cinnamon,M1,cinnamon,0,
12356,Clove (limited use),dravya.clove,M1,clove,0,
12364,Ajwain,dravya.ajwain,M1,ajwain,0,
12365,Carom seed,dravya.ajwain,M1,carom seed,0,
12369,Cilantro (dried),dravya.cilantro,M1,cilantro,0,
12379,Almond powder,dravya.almond,M2,almond,0,
12380,Cashew powder,dravya.cashew,M2,cashew,0,
12381,Black salt,dravya.black-salt,M1,black salt,0,
12392,Himalayan pink salt,dravya.rock-salt,M1,himalayan pink salt,0,
12395,Holy basil (dried),dravya.tulsi,M1,holy basil,0,
12398,Bay leaf (salam leaf),dravya.bay-leaf-mediterranean,M1,bay leaf,1,dravya.bay-leaf
12402,Bay leaf (salam),dravya.bay-leaf-mediterranean,M1,bay leaf,1,dravya.bay-leaf
12403,Long pepper,dravya.pippali,M1,long pepper,0,
12406,Dried lime (limoo amani),dravya.lime,M2,lime,0,
12411,Dried lime,dravya.lime,M2,lime,0,
12412,Dried lime (loomi),dravya.lime,M2,lime,0,
12437,Curry leaf (dried),dravya.curry-leaf,M1,curry leaf,0,
12439,Lime leaf (dried),dravya.lime,M2,lime,0,
12441,"Breadfruit leaf (dried, aromatic)",dravya.breadfruit,M2,breadfruit,0,
12444,Vanilla (aromatic),dravya.vanilla,M1,vanilla,0,
12446,Shrimp powder,dravya.prawn,M2,shrimp,0,
12470,Avocado leaf (dried),dravya.avocado,M2,avocado,0,
12478,"Taro leaf (dried, aromatic)",dravya.colocasia-leaf,M1,taro leaf,0,
12482,Turmeric leaf (dried),dravya.turmeric,M2,turmeric,0,
12491,Kasuri methi (dried fenugreek leaf),dravya.fenugreek-leaf-dry,M1,kasuri methi,1,dravya.methi-leaves
12492,Dry pomegranate seed (anardana),dravya.pomegranate,M2,pomegranate,0,
12493,Almond powder (aromatic),dravya.almond,M2,almond,0,
12495,Asafoetida (dried),dravya.asafoetida,M1,asafoetida,0,
12517,Dried sage,dravya.sage,M2,sage,0,
12519,Dried marjoram,dravya.marjoram,M2,marjoram,0,
12520,Red chili powder (gochugaru),dravya.red-chili,M1,red chili powder,0,
12529,Dried galangal,dravya.greater-galangal,M2,galangal,0,
12539,Lemongrass leaf (not powder),dravya.lemongrass,M2,lemongrass,0,
12555,Ghost pepper powder,dravya.bhut-jolokia,M2,ghost pepper,0,
12564,Tamarind leaf,dravya.tamarind,M2,tamarind,0,
12566,Kala jeera,dravya.black-cumin,M1,kala jeera,0,
12578,Guava leaf,dravya.guava,M2,guava,0,
12588,Dried shrimp powder,dravya.prawn,M2,shrimp,0,
12591,Miso powder,dravya.miso,M2,miso,0,
